,value_counts
3738.0,763345
1360.0,737545
1446.0,729555
1214.0,541075
5376.0,528003
82.0,503911
2276.0,491738
8235.0,400024
4705.0,363417
1662.0,332633
5434.0,323647
3969.0,322963
2104.0,318715
4073.0,299629
7069.0,291054
376.0,285811
6143.0,250677
4874.0,236872
6938.0,231035
6065.0,227288
3650.0,221162
4290.0,212132
3700.0,211271
7749.0,210949
6585.0,204407
6742.0,189040
4509.0,188110
1573.0,176227
1859.0,162407
1128.0,160208
1866.0,152193
3929.0,150931
5818.0,145258
3535.0,145215
6762.0,145159
5683.0,143311
3345.0,141360
2651.0,138639
3489.0,137782
7164.0,137523
99.0,136926
4953.0,133462
3997.0,132149
4120.0,132099
7892.0,130965
1392.0,128234
856.0,126977
385.0,123451
4801.0,120699
1579.0,119648
5800.0,116518
4104.0,116340
1422.0,116183
1552.0,114595
7995.0,112429
1164.0,111967
7394.0,111523
4276.0,110934
4382.0,110596
968.0,110117
4360.0,108859
4058.0,105591
4446.0,105551
2045.0,104250
4014.0,103733
2031.0,103063
2337.0,102216
2184.0,101585
3614.0,99913
6326.0,99662
5795.0,99615
795.0,99056
247.0,98965
1954.0,98517
6215.0,96644
3273.0,95408
7279.0,95008
6236.0,93746
6320.0,93114
4094.0,91772
2459.0,91433
2197.0,89243
4365.0,88386
8351.0,86962
1605.0,85211
2116.0,84781
6109.0,84199
4594.0,82611
5735.0,82591
7819.0,81676
8411.0,81312
5644.0,81238
1981.0,79720
4623.0,79395
3866.0,78901
549.0,78160
6445.0,78117
7169.0,78041
6443.0,77350
6220.0,76781
6652.0,76753
3791.0,76672
2446.0,76091
1661.0,75944
7703.0,75831
6803.0,75692
8238.0,75489
8353.0,74976
6279.0,74766
6455.0,74141
3091.0,73091
5579.0,72858
603.0,71358
394.0,71041
7141.0,71019
3549.0,70864
1236.0,70785
6866.0,70559
4292.0,70554
7063.0,70063
2714.0,68911
4694.0,68846
7931.0,68823
7319.0,68798
1439.0,68452
2587.0,68216
8154.0,67264
3156.0,67248
6848.0,67161
2334.0,66482
125.0,65676
7666.0,65237
3954.0,64543
6483.0,64167
7178.0,64132
7093.0,63878
397.0,63248
4083.0,63114
3481.0,63044
3012.0,62930
2840.0,62642
240.0,62399
3724.0,62092
7033.0,61567
384.0,60895
5890.0,60878
2350.0,59998
7774.0,59446
3779.0,59341
1016.0,58643
6423.0,58592
7577.0,58377
277.0,58056
4396.0,57991
2946.0,57621
4017.0,57602
7622.0,56936
1580.0,56782
7980.0,56410
5360.0,56072
7479.0,55891
4475.0,55350
928.0,54083
2924.0,53463
4491.0,53318
6066.0,53313
3776.0,53223
918.0,53206
8391.0,52735
7614.0,52226
5812.0,52217
7724.0,51980
972.0,51941
4026.0,51931
6322.0,51884
3943.0,51785
1797.0,51705
5581.0,51635
6658.0,51390
2902.0,51233
8417.0,51199
7370.0,50896
1847.0,50781
5674.0,50440
7863.0,50390
5665.0,50062
7334.0,50062
706.0,49830
1272.0,49624
3369.0,49311
2018.0,48833
5997.0,48802
2240.0,48351
3080.0,48177
5496.0,48031
4866.0,48028
6826.0,48020
7606.0,47961
7885.0,47890
6946.0,47678
1534.0,47485
2761.0,47471
3521.0,47309
2206.0,47035
2044.0,46944
7647.0,46933
4978.0,46923
6296.0,46752
6349.0,46303
6170.0,45893
4704.0,45812
1647.0,45605
3103.0,45535
8037.0,45208
6439.0,45174
7944.0,45058
4562.0,44904
653.0,44887
6086.0,44775
4275.0,44601
2856.0,44343
2541.0,44225
3182.0,44018
540.0,43675
2652.0,43580
6515.0,43557
1151.0,43552
3968.0,43356
8243.0,43341
300.0,43323
7686.0,43306
5120.0,43136
3467.0,43095
4254.0,43034
3312.0,42893
1287.0,42542
4620.0,42420
1692.0,42142
4380.0,42015
7047.0,41968
8149.0,41961
5216.0,41879
4707.0,41690
7744.0,41631
516.0,40776
7020.0,40765
1440.0,40290
7735.0,40257
5762.0,40256
883.0,39838
3305.0,39666
7610.0,39599
3751.0,39389
338.0,39305
5041.0,39173
7993.0,39086
5223.0,38685
6040.0,38670
3803.0,38493
1519.0,38200
8396.0,38045
1766.0,37908
7725.0,37502
2142.0,37495
3161.0,36776
404.0,36757
4773.0,36570
7628.0,36264
3329.0,36158
3550.0,36038
3831.0,35902
475.0,35900
2158.0,35742
3424.0,35722
4644.0,35695
7537.0,35582
3322.0,35577
390.0,35565
6595.0,35516
2072.0,35485
809.0,35475
4987.0,35335
5145.0,35244
1152.0,35176
4143.0,35044
6987.0,34993
3967.0,34838
2758.0,34724
8303.0,34621
950.0,34467
3243.0,34293
6046.0,34268
2563.0,34250
2731.0,34159
328.0,34111
7551.0,34102
6446.0,33886
4947.0,33779
7011.0,33778
7240.0,33679
4279.0,33523
3320.0,33462
5603.0,33447
5773.0,33440
1901.0,33299
5508.0,33195
2638.0,33144
7880.0,33098
6769.0,32762
6741.0,32742
5362.0,32708
6267.0,32563
3687.0,32187
5903.0,31975
7807.0,31951
3941.0,31761
3228.0,31622
320.0,31528
5334.0,31444
2668.0,31422
4905.0,31352
7396.0,31274
5558.0,31207
5093.0,31059
8297.0,31016
2789.0,31003
5491.0,30873
7878.0,30808
1455.0,30799
1818.0,30628
5472.0,30579
3357.0,30448
4476.0,30427
2545.0,30172
3837.0,30128
1907.0,30119
6939.0,29894
8112.0,29807
5021.0,29777
7153.0,29641
2252.0,29593
5527.0,29510
3394.0,29263
5993.0,28996
5067.0,28973
6750.0,28783
4422.0,28758
6997.0,28705
1283.0,28664
5999.0,28622
4252.0,28591
69.0,28578
7500.0,28524
3708.0,28508
3945.0,28472
1828.0,28467
8216.0,28439
136.0,28429
3422.0,28395
2581.0,28390
1187.0,28384
3350.0,28378
7452.0,28256
767.0,28220
3730.0,28148
2014.0,28042
8397.0,28028
6735.0,28016
4010.0,27958
6307.0,27841
5638.0,27803
1469.0,27786
4669.0,27731
2498.0,27663
2746.0,27616
8231.0,27614
2509.0,27543
1995.0,27495
6560.0,27493
4473.0,27406
3358.0,27335
1221.0,27310
5484.0,27296
6444.0,27241
398.0,27204
5978.0,27126
8281.0,27077
8287.0,27056
3964.0,27014
6999.0,26974
2232.0,26970
5748.0,26955
1260.0,26893
3637.0,26891
6811.0,26757
3888.0,26744
7743.0,26646
2462.0,26644
8473.0,26586
4449.0,26391
4928.0,26355
6536.0,26354
520.0,26347
2244.0,26340
2270.0,26189
5183.0,26187
2808.0,26184
7284.0,26170
4998.0,26153
3183.0,26152
7463.0,26082
2000.0,26054
8345.0,25999
6211.0,25911
1571.0,25878
6573.0,25748
2987.0,25729
7161.0,25669
7935.0,25556
8228.0,25507
2221.0,25501
5043.0,25461
2503.0,25369
7713.0,25364
3186.0,25315
8062.0,25307
1878.0,25277
7447.0,25228
6836.0,25178
5013.0,25131
1521.0,25072
3510.0,25052
1416.0,25021
982.0,24973
3725.0,24964
6464.0,24794
626.0,24775
4755.0,24763
4907.0,24754
6860.0,24576
4752.0,24522
1725.0,24312
7119.0,24312
6164.0,24283
2431.0,24244
7915.0,24215
1043.0,24117
3526.0,24045
4113.0,23973
2196.0,23960
7635.0,23935
2258.0,23874
2891.0,23869
837.0,23832
7165.0,23808
281.0,23792
4387.0,23786
9.0,23765
1228.0,23743
1947.0,23743
4778.0,23683
8011.0,23680
752.0,23664
2970.0,23652
3462.0,23640
1374.0,23621
543.0,23614
1060.0,23553
6816.0,23523
5367.0,23504
1202.0,23444
801.0,23373
5335.0,23354
3193.0,23265
2055.0,23194
5289.0,23092
1444.0,23085
5572.0,23078
1005.0,22868
5545.0,22867
3828.0,22811
4583.0,22773
4103.0,22770
6720.0,22728
8207.0,22655
1887.0,22632
4037.0,22626
1726.0,22536
4237.0,22236
2110.0,22224
5930.0,22221
3881.0,22182
3950.0,22142
6257.0,22133
2974.0,22127
3374.0,22079
7053.0,21971
3213.0,21957
4672.0,21929
5430.0,21872
4505.0,21852
4805.0,21840
7483.0,21808
1246.0,21763
4385.0,21759
402.0,21642
7816.0,21637
5184.0,21629
7032.0,21570
4248.0,21534
5738.0,21517
1905.0,21470
4256.0,21424
7536.0,21408
1991.0,21407
2707.0,21395
4329.0,21331
2871.0,21245
768.0,21235
1297.0,21198
8274.0,21171
6835.0,21108
4299.0,21070
5135.0,21029
1018.0,20969
3089.0,20967
3876.0,20961
8471.0,20912
1466.0,20905
4309.0,20878
7355.0,20864
966.0,20792
5285.0,20758
2904.0,20714
1277.0,20672
8126.0,20672
3861.0,20671
1906.0,20654
1166.0,20646
2740.0,20620
7204.0,20564
5659.0,20535
6053.0,20524
6819.0,20450
1578.0,20421
2153.0,20358
3132.0,20299
3977.0,20291
5327.0,20260
1191.0,20163
4306.0,20105
5784.0,20087
6374.0,20037
2600.0,20031
2183.0,19991
8442.0,19941
8068.0,19919
3076.0,19857
3564.0,19816
2780.0,19776
8317.0,19742
5936.0,19729
4549.0,19726
7707.0,19702
2488.0,19655
1181.0,19654
7924.0,19642
4390.0,19636
5192.0,19597
6309.0,19535
683.0,19524
3826.0,19510
7208.0,19510
6054.0,19471
2230.0,19428
3033.0,19420
2331.0,19349
6467.0,19331
3142.0,19310
7455.0,19268
5515.0,19253
7893.0,19168
4915.0,19155
7450.0,19118
7936.0,19097
7402.0,19088
4167.0,19072
5052.0,19017
2208.0,19015
7379.0,18980
2676.0,18927
2943.0,18907
6699.0,18883
5083.0,18879
8355.0,18844
4640.0,18820
5796.0,18813
3914.0,18770
4937.0,18763
3074.0,18761
2368.0,18743
666.0,18630
4168.0,18590
744.0,18562
7045.0,18555
8056.0,18537
3125.0,18510
1972.0,18497
3416.0,18311
2319.0,18274
1404.0,18264
4608.0,18242
8279.0,18239
4098.0,18229
7685.0,18186
3158.0,18143
4400.0,18141
7154.0,18133
6032.0,18116
3569.0,18112
6906.0,18109
649.0,18093
6547.0,18091
2403.0,18086
5640.0,18084
524.0,18082
4130.0,18013
2016.0,18002
496.0,17996
2784.0,17983
5039.0,17980
4359.0,17956
3019.0,17927
4584.0,17914
4131.0,17905
7553.0,17886
2103.0,17863
2809.0,17850
830.0,17823
6831.0,17784
3978.0,17764
4029.0,17761
4063.0,17761
4977.0,17743
5712.0,17654
4184.0,17637
5178.0,17627
3296.0,17607
270.0,17593
5599.0,17579
7117.0,17553
1845.0,17552
4485.0,17523
8270.0,17504
6569.0,17478
6106.0,17463
3631.0,17444
5827.0,17431
3848.0,17430
4205.0,17423
5907.0,17369
1193.0,17305
48.0,17288
8476.0,17272
4655.0,17228
1423.0,17204
6115.0,17177
2786.0,17141
5625.0,17138
3916.0,17128
6381.0,17121
7714.0,17112
2021.0,17020
2788.0,17019
1559.0,16983
6098.0,16905
2706.0,16895
5230.0,16844
4606.0,16843
5394.0,16816
4917.0,16809
2483.0,16798
5727.0,16768
8229.0,16761
6615.0,16746
4991.0,16746
2819.0,16726
8288.0,16716
3145.0,16702
3134.0,16667
8321.0,16666
5056.0,16617
5574.0,16603
6127.0,16583
7591.0,16512
305.0,16503
1779.0,16496
7200.0,16493
6882.0,16462
1898.0,16458
1997.0,16439
3431.0,16417
3364.0,16403
2416.0,16364
8356.0,16360
7118.0,16273
2297.0,16252
6268.0,16242
3165.0,16193
654.0,16180
4343.0,16168
5421.0,16103
2022.0,16094
5138.0,16081
7808.0,16074
6889.0,16074
7480.0,16005
5482.0,15959
3640.0,15928
4682.0,15897
2890.0,15854
7833.0,15844
4507.0,15836
5658.0,15834
4502.0,15818
4247.0,15748
6621.0,15716
1773.0,15711
712.0,15706
7270.0,15702
3174.0,15692
5580.0,15686
4745.0,15680
1974.0,15662
1185.0,15652
4065.0,15651
3015.0,15644
4855.0,15632
5086.0,15617
416.0,15593
3166.0,15553
6035.0,15534
7719.0,15511
888.0,15505
7697.0,15504
1300.0,15502
32.0,15494
4741.0,15428
8157.0,15387
6550.0,15382
2315.0,15330
4743.0,15271
5736.0,15269
58.0,15249
4353.0,15232
158.0,15226
1793.0,15221
1209.0,15177
5511.0,15174
3869.0,15168
5499.0,15141
1456.0,15112
2333.0,15106
6493.0,15101
6839.0,15078
6102.0,15062
1651.0,15053
924.0,15032
7879.0,14995
4504.0,14991
7941.0,14946
5245.0,14906
2295.0,14893
5891.0,14893
5034.0,14863
7586.0,14835
8349.0,14830
3268.0,14825
2791.0,14823
2090.0,14812
3457.0,14803
7789.0,14796
6884.0,14783
3210.0,14778
2588.0,14720
7239.0,14694
4740.0,14681
5097.0,14677
1512.0,14673
3154.0,14629
2201.0,14613
7850.0,14606
7532.0,14603
6275.0,14597
8151.0,14566
1040.0,14550
1937.0,14549
6958.0,14545
8357.0,14480
5849.0,14467
1153.0,14461
5243.0,14459
4272.0,14453
851.0,14447
5005.0,14438
3599.0,14420
6500.0,14413
6861.0,14404
2842.0,14382
3169.0,14357
5409.0,14353
1508.0,14337
5476.0,14326
311.0,14321
4618.0,14311
5809.0,14292
5600.0,14258
3661.0,14254
1865.0,14249
1989.0,14228
6017.0,14138
1802.0,14129
550.0,14114
3815.0,14054
5626.0,14034
2427.0,14029
6111.0,14002
2413.0,13908
1966.0,13901
1028.0,13896
7333.0,13877
4404.0,13859
6137.0,13856
5576.0,13850
1225.0,13841
813.0,13823
6323.0,13799
3049.0,13711
826.0,13711
7367.0,13701
5703.0,13687
7110.0,13683
5801.0,13666
2169.0,13613
3451.0,13597
7972.0,13566
994.0,13554
5308.0,13548
4925.0,13536
33.0,13530
3587.0,13494
248.0,13479
417.0,13461
3940.0,13431
6612.0,13408
7701.0,13405
4899.0,13380
1869.0,13378
6998.0,13365
4771.0,13342
4639.0,13339
2969.0,13330
1082.0,13326
3616.0,13275
4177.0,13263
1428.0,13244
736.0,13231
2968.0,13202
806.0,13160
4886.0,13159
854.0,13131
6507.0,13115
3698.0,13083
4844.0,13081
8461.0,13081
4119.0,13063
8086.0,13014
1362.0,12995
7730.0,12988
4653.0,12962
7518.0,12954
4825.0,12929
5417.0,12921
2644.0,12920
6371.0,12919
5011.0,12918
5972.0,12914
8455.0,12893
1831.0,12888
2375.0,12880
1224.0,12870
7517.0,12857
6460.0,12854
1479.0,12848
864.0,12844
342.0,12820
1632.0,12788
6832.0,12779
4312.0,12754
5424.0,12752
3952.0,12729
1522.0,12696
2175.0,12678
1570.0,12628
3370.0,12628
8449.0,12613
5860.0,12608
6332.0,12606
7001.0,12589
5054.0,12554
4636.0,12531
808.0,12530
7253.0,12514
7664.0,12472
6490.0,12462
3391.0,12425
4043.0,12403
7692.0,12377
418.0,12376
6657.0,12346
4889.0,12337
749.0,12333
3157.0,12316
4555.0,12299
7914.0,12280
7340.0,12250
1654.0,12238
2516.0,12198
6314.0,12197
170.0,12182
8204.0,12175
1393.0,12172
4838.0,12168
568.0,12152
8364.0,12146
7604.0,12132
6121.0,12131
2594.0,12093
3238.0,12088
4615.0,12080
3199.0,12074
5225.0,12055
657.0,12051
4777.0,12031
7956.0,12030
7890.0,12028
7844.0,12022
2989.0,11988
1611.0,11943
3141.0,11942
4273.0,11940
748.0,11915
5022.0,11912
5353.0,11899
5655.0,11886
1119.0,11879
7652.0,11842
4564.0,11791
344.0,11774
525.0,11767
1473.0,11760
7170.0,11748
2543.0,11734
1921.0,11728
1746.0,11713
1970.0,11705
3241.0,11703
1791.0,11692
213.0,11683
2551.0,11682
527.0,11676
5228.0,11637
3000.0,11632
6182.0,11610
7734.0,11606
724.0,11602
5966.0,11554
3384.0,11520
5015.0,11514
7907.0,11487
7123.0,11486
2919.0,11482
6346.0,11482
2470.0,11470
620.0,11467
3591.0,11457
4174.0,11441
8186.0,11440
5161.0,11426
2029.0,11415
7911.0,11407
392.0,11353
2698.0,11332
7687.0,11327
5636.0,11324
5857.0,11303
4192.0,11301
6555.0,11301
2523.0,11299
5207.0,11297
2679.0,11297
3889.0,11286
1886.0,11271
142.0,11270
581.0,11269
7086.0,11254
4585.0,11242
2032.0,11237
6434.0,11203
6865.0,11182
1097.0,11180
3758.0,11180
133.0,11179
8122.0,11179
4761.0,11176
1933.0,11125
5365.0,11112
5456.0,11112
3818.0,11105
5411.0,11105
1003.0,11104
2584.0,11096
2742.0,11079
6305.0,11075
2828.0,11074
843.0,11059
88.0,11058
7945.0,11034
7218.0,11022
2395.0,10991
1219.0,10971
2730.0,10967
7592.0,10958
6158.0,10951
1758.0,10950
4435.0,10944
4052.0,10939
430.0,10927
8419.0,10927
4724.0,10901
3178.0,10883
3769.0,10882
5263.0,10857
2815.0,10831
1565.0,10820
4389.0,10784
6897.0,10780
7004.0,10773
4221.0,10772
1353.0,10767
4731.0,10756
2793.0,10755
5715.0,10745
4708.0,10744
6356.0,10725
2026.0,10706
5201.0,10659
6695.0,10655
201.0,10632
7555.0,10610
3230.0,10585
1459.0,10577
1925.0,10577
6089.0,10557
754.0,10553
7871.0,10530
6916.0,10521
8415.0,10520
8282.0,10510
173.0,10509
721.0,10508
3326.0,10496
7722.0,10495
7961.0,10478
1308.0,10478
4816.0,10470
1618.0,10461
434.0,10452
4537.0,10446
323.0,10428
4627.0,10422
562.0,10413
989.0,10387
6623.0,10386
4809.0,10378
8008.0,10377
2982.0,10375
5068.0,10362
115.0,10345
3671.0,10339
3979.0,10336
2514.0,10329
5008.0,10321
4230.0,10300
7357.0,10287
1811.0,10282
3983.0,10271
6072.0,10258
72.0,10250
4712.0,10244
6313.0,10243
259.0,10233
6864.0,10209
3814.0,10204
187.0,10202
7783.0,10160
6748.0,10158
6784.0,10153
532.0,10137
947.0,10093
1242.0,10082
7896.0,10056
7982.0,10022
3107.0,10016
5471.0,9982
2020.0,9961
3716.0,9959
3402.0,9954
2708.0,9919
2292.0,9907
7597.0,9906
3432.0,9906
8376.0,9901
356.0,9891
2925.0,9869
6624.0,9855
7520.0,9841
2741.0,9837
3214.0,9830
1259.0,9826
1593.0,9781
1699.0,9775
1930.0,9773
4164.0,9760
6176.0,9748
8031.0,9743
7124.0,9727
6875.0,9712
7668.0,9688
6020.0,9674
7408.0,9664
7706.0,9654
1667.0,9648
1314.0,9648
2414.0,9646
8258.0,9627
1176.0,9622
3018.0,9620
1232.0,9616
8459.0,9614
8006.0,9595
1419.0,9593
5446.0,9587
7168.0,9554
1027.0,9547
6154.0,9538
4661.0,9515
2515.0,9498
7948.0,9466
913.0,9464
7875.0,9456
5076.0,9439
4744.0,9429
2661.0,9428
2912.0,9423
6988.0,9421
2004.0,9420
4876.0,9417
3971.0,9415
30.0,9403
5315.0,9396
3533.0,9389
8028.0,9387
3009.0,9375
2673.0,9359
5959.0,9352
3332.0,9339
8236.0,9338
5517.0,9325
1781.0,9318
4176.0,9308
6015.0,9305
7023.0,9299
1681.0,9293
2449.0,9285
3475.0,9285
3681.0,9283
7495.0,9280
2849.0,9278
6258.0,9268
2833.0,9250
684.0,9235
7435.0,9230
3022.0,9228
3844.0,9209
2575.0,9208
5233.0,9201
625.0,9192
1883.0,9188
2453.0,9186
4530.0,9185
5166.0,9175
2526.0,9174
7135.0,9164
3284.0,9150
2372.0,9144
4123.0,9135
7076.0,9129
6337.0,9128
5006.0,9125
6746.0,9117
7174.0,9110
4815.0,9106
4367.0,9101
3040.0,9101
6183.0,9095
1881.0,9077
1155.0,9047
5627.0,9044
3678.0,9042
1691.0,9037
560.0,9028
3865.0,9023
8165.0,9004
1457.0,8997
4419.0,8990
2468.0,8982
6967.0,8978
4452.0,8961
5009.0,8960
65.0,8952
3883.0,8946
6789.0,8944
7967.0,8942
5303.0,8934
3530.0,8921
1671.0,8906
4271.0,8900
4985.0,8884
7759.0,8880
6171.0,8867
811.0,8863
6441.0,8862
2005.0,8855
3882.0,8796
4913.0,8781
5313.0,8781
2173.0,8774
1740.0,8764
8120.0,8761
4572.0,8759
4988.0,8717
2493.0,8709
3634.0,8700
8118.0,8697
3590.0,8682
2317.0,8672
3452.0,8663
442.0,8653
1049.0,8652
1547.0,8652
7437.0,8643
670.0,8641
4828.0,8638
5307.0,8638
4566.0,8634
4246.0,8630
3683.0,8630
297.0,8620
547.0,8620
6915.0,8602
6808.0,8585
3720.0,8581
1932.0,8578
432.0,8577
6936.0,8575
6191.0,8569
6984.0,8558
5697.0,8555
983.0,8554
5098.0,8548
5975.0,8524
3721.0,8522
2235.0,8512
7521.0,8509
198.0,8505
68.0,8502
2512.0,8498
6041.0,8494
3078.0,8492
5029.0,8484
771.0,8474
3181.0,8472
6224.0,8455
7889.0,8437
865.0,8421
4650.0,8414
5092.0,8404
1244.0,8398
3986.0,8392
2314.0,8388
2971.0,8382
4994.0,8367
3846.0,8363
3593.0,8358
6648.0,8353
5597.0,8349
5861.0,8349
3908.0,8345
4324.0,8343
6315.0,8337
2370.0,8336
5038.0,8332
3096.0,8331
2921.0,8322
6232.0,8307
1286.0,8296
487.0,8290
5729.0,8288
5506.0,8272
8327.0,8271
7751.0,8271
5023.0,8266
751.0,8249
3508.0,8246
5084.0,8245
5920.0,8243
5146.0,8236
104.0,8231
3428.0,8184
7529.0,8183
7651.0,8170
1065.0,8169
6291.0,8153
4887.0,8152
2440.0,8147
2817.0,8137
5553.0,8137
3845.0,8127
2254.0,8123
7029.0,8114
600.0,8112
1464.0,8103
2773.0,8095
3226.0,8089
6887.0,8087
4482.0,8084
5604.0,8068
2980.0,8062
2923.0,8058
8005.0,8049
4930.0,8037
4881.0,8034
4668.0,8032
1664.0,8027
2723.0,8025
2803.0,8025
4529.0,8017
1387.0,8012
1532.0,8011
2214.0,8009
2046.0,8008
216.0,8006
3834.0,7993
8308.0,7982
2444.0,7982
3604.0,7982
7630.0,7969
7989.0,7957
6300.0,7947
7629.0,7947
7711.0,7941
7802.0,7938
1846.0,7935
4267.0,7934
4916.0,7933
6976.0,7932
4952.0,7924
879.0,7919
845.0,7919
7249.0,7914
7940.0,7910
1203.0,7908
2340.0,7908
3077.0,7903
5780.0,7892
4358.0,7889
7585.0,7884
1635.0,7881
7639.0,7876
6048.0,7870
2070.0,7860
5074.0,7853
4683.0,7848
8036.0,7847
2458.0,7846
7873.0,7844
579.0,7832
6412.0,7827
790.0,7814
6822.0,7812
8077.0,7809
4921.0,7782
3832.0,7776
6482.0,7775
2643.0,7774
1483.0,7774
7886.0,7760
3666.0,7758
469.0,7738
7960.0,7736
7166.0,7733
7090.0,7730
6581.0,7725
3545.0,7712
3862.0,7705
8390.0,7700
6874.0,7684
2565.0,7683
4160.0,7683
4827.0,7666
973.0,7666
1071.0,7666
7752.0,7665
5983.0,7660
3070.0,7659
1052.0,7658
899.0,7656
7938.0,7654
7862.0,7652
19.0,7637
3843.0,7626
3735.0,7616
7430.0,7610
673.0,7609
5750.0,7608
7524.0,7598
7349.0,7597
387.0,7590
585.0,7587
5503.0,7585
1307.0,7563
5388.0,7559
6375.0,7558
6372.0,7553
98.0,7547
5617.0,7539
1668.0,7526
5330.0,7524
3565.0,7521
5985.0,7516
7971.0,7512
3024.0,7490
5028.0,7489
3373.0,7486
2821.0,7484
4399.0,7480
6343.0,7459
7175.0,7453
5444.0,7453
2768.0,7447
3188.0,7446
8055.0,7444
7259.0,7439
6288.0,7435
2518.0,7433
6792.0,7431
6805.0,7428
7946.0,7425
1394.0,7420
2630.0,7415
7998.0,7412
2302.0,7404
5974.0,7404
5172.0,7402
4403.0,7401
3958.0,7400
2922.0,7394
1237.0,7363
3281.0,7346
4393.0,7340
829.0,7334
2379.0,7331
6149.0,7315
6399.0,7290
702.0,7281
962.0,7258
8099.0,7256
6863.0,7244
6968.0,7243
7212.0,7234
5196.0,7230
7061.0,7222
3250.0,7195
7072.0,7189
2981.0,7188
1055.0,7185
3774.0,7164
1784.0,7152
6173.0,7151
965.0,7135
4179.0,7122
459.0,7109
1208.0,7106
2813.0,7104
1399.0,7101
619.0,7100
4748.0,7095
6568.0,7091
7457.0,7083
8425.0,7081
1292.0,7078
1311.0,7074
4304.0,7074
1104.0,7072
5533.0,7072
3749.0,7058
8463.0,7047
4296.0,7037
7155.0,7030
1342.0,7023
7309.0,7013
3476.0,7009
8057.0,7002
6679.0,7000
780.0,6996
3461.0,6994
7407.0,6980
1783.0,6979
5004.0,6978
4172.0,6978
8465.0,6967
7206.0,6966
3608.0,6956
8337.0,6951
313.0,6939
7201.0,6934
375.0,6931
7621.0,6931
642.0,6911
592.0,6898
2558.0,6875
6798.0,6870
6957.0,6869
2712.0,6863
5132.0,6857
4064.0,6848
335.0,6843
1701.0,6838
1385.0,6838
3718.0,6830
6390.0,6827
3972.0,6823
2616.0,6823
1629.0,6822
6340.0,6818
4000.0,6813
498.0,6809
1698.0,6807
7549.0,6799
6362.0,6798
2358.0,6793
2927.0,6782
8045.0,6778
5678.0,6778
4139.0,6758
2355.0,6753
7504.0,6748
7190.0,6747
623.0,6745
1607.0,6743
3931.0,6737
3398.0,6730
5383.0,6720
7608.0,6717
7419.0,6716
7837.0,6715
3699.0,6707
799.0,6698
6790.0,6695
5283.0,6681
6123.0,6672
4112.0,6672
484.0,6656
8325.0,6651
406.0,6646
55.0,6646
2274.0,6636
7539.0,6634
6927.0,6632
3559.0,6626
2422.0,6618
6023.0,6611
3747.0,6604
299.0,6602
5740.0,6598
1574.0,6589
1794.0,6584
7184.0,6577
4383.0,6573
7128.0,6565
616.0,6557
3542.0,6556
777.0,6555
7404.0,6553
5763.0,6553
3043.0,6548
6407.0,6547
1548.0,6540
3672.0,6537
8259.0,6529
3360.0,6524
6629.0,6520
382.0,6503
7171.0,6503
8052.0,6503
3052.0,6503
6190.0,6493
866.0,6490
1713.0,6489
7149.0,6489
6627.0,6486
3600.0,6482
4028.0,6482
1480.0,6481
84.0,6480
87.0,6480
2672.0,6478
7581.0,6476
178.0,6474
4288.0,6472
5091.0,6472
6990.0,6471
546.0,6465
6781.0,6445
1001.0,6441
7900.0,6439
3607.0,6433
5863.0,6432
6228.0,6432
2107.0,6424
3686.0,6415
4818.0,6414
7854.0,6409
1173.0,6407
5584.0,6399
6827.0,6399
60.0,6395
3744.0,6394
3046.0,6394
1168.0,6393
2407.0,6388
3004.0,6386
3491.0,6384
8367.0,6384
2083.0,6383
6563.0,6382
3981.0,6362
5425.0,6356
7087.0,6353
1672.0,6352
1992.0,6351
391.0,6350
818.0,6350
2467.0,6343
1147.0,6338
2374.0,6337
8213.0,6329
3094.0,6323
5438.0,6323
5014.0,6321
1674.0,6316
188.0,6316
3254.0,6304
2547.0,6302
7599.0,6300
2027.0,6284
2625.0,6280
5876.0,6273
932.0,6270
435.0,6268
2263.0,6266
2763.0,6261
6016.0,6259
4730.0,6247
1217.0,6246
428.0,6231
698.0,6229
2111.0,6217
4260.0,6214
2979.0,6212
5046.0,6207
5559.0,6199
2377.0,6194
1893.0,6193
494.0,6186
2204.0,6180
6815.0,6176
1012.0,6176
5988.0,6157
572.0,6154
2645.0,6153
1770.0,6147
6242.0,6147
7248.0,6144
4421.0,6143
4327.0,6140
2262.0,6133
1812.0,6128
4084.0,6128
3307.0,6125
7552.0,6117
2069.0,6116
5347.0,6113
1687.0,6109
2402.0,6107
479.0,6100
7505.0,6096
875.0,6095
3574.0,6094
1367.0,6093
1487.0,6092
140.0,6090
1230.0,6082
3486.0,6080
5337.0,6075
4277.0,6048
5565.0,6042
5702.0,6039
4882.0,6036
2913.0,6034
4895.0,6028
4066.0,6027
1189.0,6012
2321.0,6000
6549.0,5999
5958.0,5993
6029.0,5992
4264.0,5987
3192.0,5983
4423.0,5982
7276.0,5981
7899.0,5979
3044.0,5971
1083.0,5960
4852.0,5958
6795.0,5958
3302.0,5955
4722.0,5952
6124.0,5944
8060.0,5943
914.0,5943
7874.0,5940
4417.0,5935
5343.0,5935
6437.0,5934
183.0,5922
7070.0,5921
3469.0,5917
7341.0,5912
7482.0,5910
13.0,5909
1284.0,5908
8246.0,5900
2825.0,5882
3118.0,5881
1815.0,5880
4498.0,5880
2963.0,5879
8305.0,5876
1268.0,5876
1139.0,5874
2134.0,5861
8020.0,5856
3464.0,5855
6039.0,5847
1076.0,5846
5708.0,5844
6620.0,5844
7842.0,5839
1025.0,5829
5270.0,5827
7283.0,5824
6293.0,5824
927.0,5821
61.0,5810
2162.0,5805
1264.0,5804
6545.0,5801
6714.0,5799
6537.0,5797
5010.0,5793
4520.0,5792
2394.0,5789
3894.0,5782
6677.0,5775
734.0,5771
2818.0,5763
257.0,5757
3847.0,5754
1140.0,5750
828.0,5744
2830.0,5730
1335.0,5724
3827.0,5721
483.0,5716
365.0,5715
589.0,5712
8069.0,5711
1848.0,5705
1764.0,5703
6198.0,5700
5058.0,5699
8249.0,5698
7716.0,5694
3029.0,5690
5220.0,5687
316.0,5682
360.0,5677
2945.0,5670
1700.0,5667
5878.0,5666
42.0,5665
4326.0,5663
5397.0,5661
2464.0,5655
461.0,5653
2614.0,5643
977.0,5642
3383.0,5641
5505.0,5640
7426.0,5640
176.0,5635
5793.0,5635
8065.0,5627
2517.0,5626
5927.0,5625
606.0,5624
3829.0,5620
3270.0,5614
8319.0,5613
5272.0,5612
4258.0,5604
5131.0,5604
5992.0,5600
2384.0,5600
5779.0,5599
6118.0,5597
321.0,5585
5171.0,5585
6156.0,5582
5652.0,5579
2177.0,5576
2959.0,5568
5693.0,5565
1129.0,5561
7856.0,5559
3021.0,5557
3670.0,5556
4239.0,5556
423.0,5540
942.0,5537
720.0,5537
6633.0,5537
1412.0,5537
6165.0,5536
6321.0,5531
4032.0,5530
279.0,5527
6796.0,5524
7823.0,5519
6454.0,5518
3438.0,5511
1754.0,5508
5191.0,5496
3423.0,5492
8215.0,5491
6740.0,5488
4764.0,5483
3367.0,5481
849.0,5479
6635.0,5475
1315.0,5467
3621.0,5467
3330.0,5463
8134.0,5462
4989.0,5461
3589.0,5460
3777.0,5453
7092.0,5452
3739.0,5448
6810.0,5443
4175.0,5442
7103.0,5435
2782.0,5435
1973.0,5433
1196.0,5427
1316.0,5419
4974.0,5418
704.0,5411
7104.0,5409
393.0,5400
4700.0,5398
5459.0,5395
4641.0,5389
3446.0,5387
3042.0,5364
4787.0,5350
1350.0,5350
4349.0,5350
6391.0,5345
1325.0,5343
1096.0,5341
6151.0,5341
4234.0,5339
4951.0,5336
1742.0,5333
5892.0,5331
5024.0,5330
5258.0,5330
648.0,5326
3143.0,5325
1115.0,5316
3334.0,5315
2834.0,5312
2603.0,5312
880.0,5306
1729.0,5304
5789.0,5302
5935.0,5300
314.0,5300
1396.0,5298
6540.0,5295
5473.0,5292
7673.0,5281
7546.0,5281
4381.0,5280
1488.0,5278
3864.0,5269
7454.0,5267
6804.0,5251
3314.0,5242
992.0,5240
884.0,5237
4354.0,5236
4593.0,5233
7582.0,5233
815.0,5231
6331.0,5230
574.0,5225
5379.0,5225
2669.0,5223
5372.0,5223
1909.0,5222
5079.0,5217
6208.0,5213
27.0,5207
4323.0,5205
5825.0,5203
5591.0,5201
1835.0,5195
5979.0,5195
814.0,5195
5938.0,5194
1803.0,5191
2278.0,5186
5577.0,5182
1420.0,5182
1874.0,5181
5543.0,5180
4245.0,5178
6858.0,5176
6256.0,5176
5843.0,5176
4302.0,5167
154.0,5166
5448.0,5161
389.0,5161
3111.0,5158
8103.0,5156
8264.0,5155
1478.0,5154
3071.0,5151
6607.0,5147
570.0,5145
3578.0,5143
1132.0,5135
1680.0,5128
5677.0,5126
2323.0,5125
3884.0,5123
7163.0,5121
7654.0,5114
6249.0,5113
3124.0,5107
2479.0,5101
4344.0,5092
2951.0,5087
302.0,5071
6965.0,5070
412.0,5058
2147.0,5058
7760.0,5051
2573.0,5050
6342.0,5045
4018.0,5042
5867.0,5040
1538.0,5040
252.0,5034
6481.0,5031
8048.0,5028
6488.0,5019
4138.0,5016
6828.0,5014
2124.0,5014
227.0,5005
238.0,5000
5836.0,4995
542.0,4994
4912.0,4994
634.0,4993
8431.0,4989
4715.0,4989
5509.0,4987
5454.0,4985
3775.0,4983
5882.0,4983
7148.0,4981
4350.0,4973
4060.0,4967
6731.0,4966
4821.0,4963
6304.0,4961
6734.0,4960
445.0,4960
4434.0,4954
6253.0,4953
6133.0,4946
7222.0,4937
6225.0,4936
6548.0,4935
8081.0,4935
1588.0,4934
5516.0,4934
5188.0,4930
2300.0,4929
6825.0,4927
4024.0,4921
2043.0,4921
7809.0,4915
7782.0,4914
5238.0,4913
4843.0,4909
449.0,4908
3924.0,4904
1715.0,4900
7194.0,4897
3130.0,4896
5316.0,4895
6697.0,4889
6138.0,4874
4300.0,4874
1484.0,4862
119.0,4854
2807.0,4854
7082.0,4852
5494.0,4845
6385.0,4841
8087.0,4841
2781.0,4839
7769.0,4838
1239.0,4838
664.0,4833
1911.0,4832
6067.0,4831
5181.0,4827
4577.0,4820
3643.0,4818
1415.0,4818
5619.0,4816
5208.0,4815
3269.0,4815
594.0,4814
4284.0,4813
2631.0,4808
4776.0,4806
6333.0,4805
1358.0,4801
1417.0,4798
6080.0,4797
5742.0,4796
6767.0,4796
4760.0,4794
4468.0,4794
4466.0,4793
7832.0,4788
6116.0,4785
5249.0,4784
2827.0,4777
1190.0,4775
6890.0,4770
6562.0,4769
2660.0,4765
7987.0,4760
569.0,4760
2737.0,4759
100.0,4757
3633.0,4757
6003.0,4756
6637.0,4753
5705.0,4752
3612.0,4747
2696.0,4743
26.0,4742
6983.0,4727
2810.0,4720
5618.0,4715
3595.0,4711
3517.0,4703
6975.0,4697
3063.0,4696
5946.0,4692
3583.0,4692
3390.0,4689
7560.0,4689
5393.0,4687
5420.0,4686
4625.0,4686
6141.0,4681
784.0,4676
4859.0,4675
8445.0,4675
2495.0,4672
6136.0,4671
2738.0,4666
5561.0,4665
3833.0,4664
6400.0,4657
3427.0,4654
8104.0,4654
847.0,4653
5451.0,4648
5302.0,4648
8385.0,4637
4259.0,4632
760.0,4631
7401.0,4630
7464.0,4630
231.0,4624
7780.0,4624
8084.0,4624
1714.0,4620
7030.0,4613
6217.0,4609
8239.0,4606
196.0,4593
347.0,4590
7732.0,4587
1077.0,4585
36.0,4575
5486.0,4564
6611.0,4559
8043.0,4558
6393.0,4556
5442.0,4553
3455.0,4552
3754.0,4550
4767.0,4548
4357.0,4546
4471.0,4542
6135.0,4540
4796.0,4538
7721.0,4537
1858.0,4537
5369.0,4530
1743.0,4524
3105.0,4522
2397.0,4520
1711.0,4515
386.0,4510
3527.0,4504
8175.0,4504
2972.0,4498
7197.0,4495
7901.0,4495
7337.0,4478
6477.0,4478
7533.0,4476
4039.0,4475
4879.0,4473
2914.0,4469
6367.0,4468
4607.0,4459
4581.0,4455
6817.0,4453
4634.0,4451
5186.0,4451
1098.0,4448
7994.0,4448
8302.0,4446
7579.0,4445
2582.0,4437
969.0,4432
782.0,4431
6894.0,4427
3646.0,4421
3069.0,4419
6749.0,4412
5855.0,4411
5274.0,4409
3512.0,4409
4721.0,4408
4004.0,4402
2478.0,4401
3468.0,4399
1799.0,4391
7468.0,4391
4940.0,4390
650.0,4388
1644.0,4377
5081.0,4376
5204.0,4375
2851.0,4371
3726.0,4370
1861.0,4369
948.0,4366
4347.0,4365
3960.0,4363
6885.0,4359
2281.0,4356
3999.0,4354
8076.0,4352
1.0,4351
1449.0,4347
8078.0,4338
228.0,4335
1448.0,4334
7094.0,4332
7176.0,4331
2082.0,4330
6912.0,4329
7742.0,4327
5519.0,4322
4656.0,4320
7754.0,4316
3870.0,4315
495.0,4315
3824.0,4312
3863.0,4311
6491.0,4310
5432.0,4310
2381.0,4303
5530.0,4300
8082.0,4295
1418.0,4294
6302.0,4288
8010.0,4288
7869.0,4288
1877.0,4287
3195.0,4285
1062.0,4280
4033.0,4280
1685.0,4279
2681.0,4278
1267.0,4278
8070.0,4273
6282.0,4272
3380.0,4269
3732.0,4266
944.0,4260
821.0,4257
6132.0,4253
7326.0,4250
6513.0,4250
5163.0,4242
5427.0,4241
3731.0,4241
346.0,4240
803.0,4239
5889.0,4238
7291.0,4230
7231.0,4229
6914.0,4229
5.0,4229
2271.0,4227
8117.0,4224
1900.0,4223
4662.0,4222
5554.0,4216
511.0,4214
5399.0,4214
4532.0,4212
4688.0,4203
5840.0,4202
2641.0,4202
7451.0,4198
4558.0,4194
1808.0,4187
6786.0,4187
3768.0,4187
7538.0,4186
7446.0,4183
3927.0,4183
4216.0,4182
6012.0,4174
3035.0,4172
1494.0,4170
1438.0,4169
7761.0,4163
3712.0,4158
7335.0,4158
3558.0,4154
7859.0,4151
4611.0,4151
1576.0,4148
1421.0,4147
4960.0,4143
1872.0,4142
2165.0,4139
667.0,4139
2897.0,4132
4543.0,4128
8309.0,4124
2590.0,4121
8322.0,4119
127.0,4119
7145.0,4118
1498.0,4116
4807.0,4115
3786.0,4115
3147.0,4113
1971.0,4111
8000.0,4110
4453.0,4106
6303.0,4102
1854.0,4102
4617.0,4101
4169.0,4098
189.0,4097
3794.0,4096
6199.0,4096
4992.0,4094
4308.0,4091
1500.0,4077
5776.0,4076
4265.0,4072
6489.0,4070
2231.0,4061
5799.0,4055
7121.0,4052
661.0,4051
5148.0,4048
2030.0,4042
7410.0,4039
1431.0,4036
4711.0,4034
225.0,4034
4269.0,4034
3146.0,4033
2132.0,4026
6591.0,4022
5513.0,4016
2879.0,4013
4110.0,4009
5723.0,4008
6934.0,4008
7292.0,4002
2008.0,3998
7650.0,3996
4348.0,3994
3677.0,3994
3772.0,3992
3849.0,3989
5502.0,3988
1105.0,3987
8107.0,3985
832.0,3983
4125.0,3980
7235.0,3979
7634.0,3973
8003.0,3972
681.0,3970
2205.0,3969
5464.0,3966
367.0,3966
5672.0,3964
5103.0,3961
573.0,3960
5765.0,3957
4068.0,3955
5709.0,3955
2003.0,3953
637.0,3949
2210.0,3949
5853.0,3934
4540.0,3934
7696.0,3929
5582.0,3924
905.0,3919
7456.0,3919
6352.0,3908
7293.0,3904
4541.0,3899
3654.0,3898
6910.0,3896
4839.0,3894
242.0,3891
5567.0,3890
539.0,3887
714.0,3887
8285.0,3886
6169.0,3880
2860.0,3878
6006.0,3877
4430.0,3874
4364.0,3873
4728.0,3872
2017.0,3870
5489.0,3866
922.0,3864
5426.0,3864
4286.0,3863
184.0,3857
6590.0,3852
2234.0,3850
2997.0,3847
3860.0,3844
4053.0,3841
2191.0,3838
662.0,3835
4034.0,3831
3041.0,3828
5759.0,3827
5042.0,3826
3647.0,3825
3842.0,3822
4356.0,3820
2406.0,3820
7073.0,3817
6417.0,3812
411.0,3810
6869.0,3809
7663.0,3807
6030.0,3807
3189.0,3807
2291.0,3806
5126.0,3806
2452.0,3803
2471.0,3803
2854.0,3802
1641.0,3800
7528.0,3799
5373.0,3797
5125.0,3797
6692.0,3796
4456.0,3796
3151.0,3791
7080.0,3790
825.0,3787
2327.0,3778
1821.0,3777
3309.0,3772
6947.0,3770
8096.0,3767
6614.0,3766
5179.0,3766
517.0,3764
1653.0,3761
462.0,3758
2619.0,3756
2998.0,3755
5651.0,3750
645.0,3747
5366.0,3744
4092.0,3742
6357.0,3732
2007.0,3731
4480.0,3730
5913.0,3725
5209.0,3723
1569.0,3722
3396.0,3721
8130.0,3718
6639.0,3718
1734.0,3716
6719.0,3713
7188.0,3703
2903.0,3700
7978.0,3700
5529.0,3698
333.0,3693
6431.0,3692
563.0,3687
6662.0,3684
3187.0,3684
7265.0,3684
2620.0,3681
4132.0,3679
1094.0,3678
7224.0,3677
5919.0,3675
4229.0,3673
6379.0,3667
3474.0,3666
3805.0,3661
8210.0,3660
2950.0,3659
2680.0,3658
7384.0,3655
7328.0,3654
8315.0,3651
7346.0,3650
5724.0,3648
7587.0,3638
3610.0,3638
2246.0,3637
4534.0,3635
8054.0,3631
4415.0,3628
8007.0,3624
2373.0,3623
1475.0,3622
7228.0,3621
6959.0,3620
5064.0,3620
2508.0,3614
4090.0,3609
380.0,3606
6567.0,3601
1430.0,3589
2656.0,3588
7389.0,3587
4613.0,3586
4926.0,3586
179.0,3585
7684.0,3584
6005.0,3582
1505.0,3581
1777.0,3577
2318.0,3571
4158.0,3566
1169.0,3566
3682.0,3564
8237.0,3562
2841.0,3560
7898.0,3556
1636.0,3555
3801.0,3554
6090.0,3552
3626.0,3551
5478.0,3550
6360.0,3548
5134.0,3547
7397.0,3545
7623.0,3545
7106.0,3543
4027.0,3539
1035.0,3539
5539.0,3538
3212.0,3538
372.0,3537
4519.0,3535
211.0,3534
326.0,3533
1337.0,3530
8105.0,3528
1102.0,3528
5752.0,3527
2528.0,3512
6800.0,3497
8333.0,3496
5528.0,3495
2480.0,3491
7981.0,3491
7345.0,3489
1022.0,3488
593.0,3485
355.0,3484
4345.0,3481
6944.0,3481
8161.0,3477
6107.0,3474
940.0,3469
1542.0,3468
7356.0,3466
3645.0,3458
7566.0,3458
264.0,3456
8202.0,3453
1121.0,3453
6120.0,3451
7010.0,3449
4207.0,3438
7561.0,3436
7330.0,3434
3405.0,3433
609.0,3432
3061.0,3431
7590.0,3430
4754.0,3424
4665.0,3422
8137.0,3419
6105.0,3419
2956.0,3415
3933.0,3412
2755.0,3412
3313.0,3410
5922.0,3409
46.0,3409
3259.0,3404
1620.0,3400
4545.0,3400
7386.0,3399
2455.0,3397
5037.0,3397
6945.0,3396
134.0,3394
1501.0,3392
2683.0,3391
1093.0,3384
5614.0,3375
2743.0,3369
4465.0,3368
7921.0,3366
4795.0,3363
192.0,3360
7347.0,3356
4294.0,3354
3592.0,3352
1210.0,3352
964.0,3348
2100.0,3347
886.0,3347
350.0,3341
1024.0,3340
8106.0,3340
457.0,3338
4225.0,3337
325.0,3337
4713.0,3336
7331.0,3334
2260.0,3329
1280.0,3316
3601.0,3314
6501.0,3312
6216.0,3311
5193.0,3310
3271.0,3308
3217.0,3306
3910.0,3305
2356.0,3304
2976.0,3301
7868.0,3300
5452.0,3300
7336.0,3298
8009.0,3296
3016.0,3295
7951.0,3294
6002.0,3292
1032.0,3292
4145.0,3289
2702.0,3283
7158.0,3283
5305.0,3283
4726.0,3283
303.0,3279
8252.0,3276
1820.0,3274
1253.0,3271
388.0,3269
3723.0,3268
7065.0,3263
2511.0,3258
3944.0,3257
2121.0,3256
3939.0,3256
4868.0,3253
775.0,3253
5273.0,3253
2906.0,3253
5714.0,3252
2994.0,3252
4632.0,3251
4870.0,3249
470.0,3246
1069.0,3246
3500.0,3245
408.0,3245
5336.0,3241
3339.0,3239
2918.0,3237
2137.0,3237
1555.0,3236
6761.0,3230
5833.0,3228
1963.0,3228
695.0,3227
3323.0,3226
3856.0,3225
250.0,3224
8384.0,3221
4750.0,3218
2432.0,3217
7146.0,3215
3376.0,3215
1982.0,3215
952.0,3209
2144.0,3205
3487.0,3201
4833.0,3200
3205.0,3196
6930.0,3194
6462.0,3193
310.0,3192
6475.0,3191
6564.0,3191
3133.0,3188
368.0,3185
5788.0,3183
2289.0,3181
7420.0,3176
6231.0,3175
4525.0,3172
6814.0,3172
8102.0,3170
5141.0,3169
8382.0,3165
1959.0,3165
6592.0,3163
1527.0,3159
5510.0,3158
2567.0,3154
996.0,3153
3871.0,3151
6112.0,3150
1928.0,3149
2256.0,3147
4950.0,3144
2265.0,3143
852.0,3139
7884.0,3137
679.0,3136
5352.0,3135
4835.0,3133
5596.0,3131
4747.0,3129
3623.0,3128
2852.0,3127
1207.0,3125
2387.0,3124
4964.0,3122
7649.0,3118
7213.0,3114
1731.0,3112
8123.0,3111
5751.0,3111
3525.0,3106
8406.0,3106
7405.0,3105
7288.0,3102
4512.0,3101
1642.0,3095
1436.0,3094
7361.0,3094
1944.0,3088
1233.0,3087
1007.0,3083
4223.0,3081
567.0,3080
1619.0,3072
5810.0,3070
6651.0,3068
2051.0,3062
3878.0,3061
2728.0,3059
988.0,3057
3171.0,3057
1999.0,3055
8002.0,3051
6602.0,3046
324.0,3045
2507.0,3044
448.0,3043
1949.0,3038
3528.0,3036
2057.0,3035
3912.0,3034
1068.0,3033
535.0,3027
3023.0,3026
5443.0,3026
3008.0,3024
8024.0,3021
2417.0,3019
2242.0,3014
8295.0,3013
2061.0,3012
6638.0,3012
2910.0,3006
7056.0,3002
4186.0,3000
4075.0,2997
4993.0,2995
6100.0,2994
3485.0,2992
4166.0,2992
1142.0,2992
6233.0,2991
7318.0,2990
3503.0,2987
3404.0,2987
3490.0,2986
2145.0,2983
149.0,2979
7466.0,2978
7667.0,2978
669.0,2975
6613.0,2972
6643.0,2972
7709.0,2969
5524.0,2967
3473.0,2966
8320.0,2961
3196.0,2960
2884.0,2959
6834.0,2956
163.0,2950
6818.0,2950
349.0,2949
6196.0,2947
1614.0,2945
2170.0,2945
7074.0,2944
6517.0,2943
6649.0,2942
6725.0,2940
3537.0,2937
3821.0,2937
8260.0,2935
7157.0,2934
1425.0,2933
1442.0,2932
7857.0,2932
7187.0,2929
3613.0,2927
5711.0,2927
3002.0,2925
7845.0,2924
7958.0,2923
139.0,2921
6408.0,2921
2674.0,2918
6324.0,2914
47.0,2912
2135.0,2910
580.0,2909
552.0,2905
7202.0,2903
2862.0,2902
2711.0,2901
1908.0,2899
5242.0,2899
672.0,2898
1852.0,2896
7365.0,2894
2783.0,2893
7418.0,2893
7281.0,2893
1066.0,2891
6575.0,2890
3563.0,2889
1994.0,2886
4182.0,2885
5359.0,2884
8145.0,2884
1275.0,2878
3221.0,2877
4948.0,2877
7715.0,2877
1805.0,2873
4800.0,2870
5404.0,2868
5720.0,2867
6101.0,2867
2952.0,2867
7870.0,2866
6447.0,2864
6709.0,2863
5803.0,2863
3177.0,2859
3020.0,2858
7963.0,2851
3484.0,2851
3516.0,2847
8245.0,2846
1985.0,2845
5406.0,2842
1975.0,2841
1637.0,2841
980.0,2841
5660.0,2838
1709.0,2837
6383.0,2834
5176.0,2832
7134.0,2831
463.0,2830
6693.0,2826
1309.0,2826
2967.0,2825
4781.0,2822
2293.0,2820
6194.0,2820
4635.0,2819
4696.0,2818
8267.0,2816
7322.0,2816
515.0,2816
5717.0,2815
2166.0,2814
929.0,2814
1172.0,2811
3472.0,2810
7619.0,2809
6142.0,2808
7979.0,2807
726.0,2806
5858.0,2800
5757.0,2798
7342.0,2798
3515.0,2797
4460.0,2794
1843.0,2793
4330.0,2791
2639.0,2788
5375.0,2787
1626.0,2785
1206.0,2785
1531.0,2783
1101.0,2783
1919.0,2781
1231.0,2775
2098.0,2775
5077.0,2775
3850.0,2773
5252.0,2771
4362.0,2771
4121.0,2769
3935.0,2769
2533.0,2766
7626.0,2765
5340.0,2764
7097.0,2759
3898.0,2755
7670.0,2754
3673.0,2752
6022.0,2752
5549.0,2748
4180.0,2748
4867.0,2747
651.0,2747
1931.0,2746
8416.0,2746
109.0,2746
2552.0,2745
1568.0,2745
7385.0,2742
773.0,2742
2555.0,2740
2637.0,2736
6014.0,2736
5798.0,2733
1988.0,2730
490.0,2729
4233.0,2729
2009.0,2722
2351.0,2722
1452.0,2721
3544.0,2721
8347.0,2721
22.0,2720
1771.0,2719
7976.0,2714
3819.0,2709
8420.0,2706
5731.0,2705
7748.0,2703
7409.0,2703
3164.0,2701
5865.0,2698
5116.0,2698
941.0,2698
2187.0,2696
3234.0,2695
8194.0,2694
1248.0,2694
3551.0,2693
1461.0,2692
5612.0,2689
6453.0,2689
6451.0,2688
5835.0,2686
4580.0,2683
5402.0,2681
144.0,2679
8358.0,2678
6773.0,2674
3851.0,2674
1904.0,2671
1133.0,2671
7572.0,2670
29.0,2669
3752.0,2666
4133.0,2666
3275.0,2662
232.0,2661
3368.0,2660
7617.0,2660
5521.0,2657
3594.0,2653
1960.0,2652
862.0,2651
2695.0,2651
3746.0,2648
889.0,2643
6775.0,2642
529.0,2642
5324.0,2642
5679.0,2641
970.0,2641
2778.0,2639
6404.0,2637
2636.0,2637
2420.0,2636
1567.0,2636
3420.0,2636
5214.0,2634
1557.0,2628
223.0,2628
7740.0,2626
3523.0,2625
3806.0,2623
5431.0,2621
3764.0,2621
8262.0,2621
3244.0,2617
1623.0,2614
2748.0,2614
1649.0,2613
633.0,2612
7773.0,2606
2992.0,2606
874.0,2606
2463.0,2600
7600.0,2599
5350.0,2596
6681.0,2595
5080.0,2594
7918.0,2594
3285.0,2589
5180.0,2589
2066.0,2585
6701.0,2584
8437.0,2584
1735.0,2583
7855.0,2583
3985.0,2583
5682.0,2581
4595.0,2581
3202.0,2578
4802.0,2578
3930.0,2575
4170.0,2575
8184.0,2573
5027.0,2569
5123.0,2567
287.0,2565
7196.0,2561
2915.0,2555
7843.0,2554
7680.0,2554
4670.0,2552
1683.0,2550
3707.0,2550
6785.0,2546
6981.0,2545
1786.0,2545
3220.0,2541
3253.0,2539
3439.0,2538
6409.0,2536
3434.0,2536
2771.0,2532
2475.0,2528
113.0,2527
4888.0,2527
3372.0,2523
5923.0,2519
6230.0,2517
750.0,2516
7820.0,2515
7139.0,2512
3665.0,2509
8219.0,2506
7046.0,2502
8004.0,2499
6011.0,2495
3139.0,2494
2238.0,2490
7268.0,2488
3973.0,2487
7493.0,2486
1829.0,2485
885.0,2483
1441.0,2482
2174.0,2481
5668.0,2480
5321.0,2479
7983.0,2479
652.0,2478
3354.0,2475
1763.0,2475
3194.0,2475
377.0,2473
1536.0,2472
949.0,2471
6519.0,2470
7746.0,2469
2595.0,2467
2733.0,2463
5217.0,2462
5389.0,2461
6704.0,2459
492.0,2459
3782.0,2457
5463.0,2457
7210.0,2456
6119.0,2455
601.0,2455
1356.0,2452
2304.0,2451
3540.0,2451
5355.0,2451
8233.0,2448
6896.0,2448
2729.0,2448
1014.0,2446
6823.0,2445
2646.0,2440
7203.0,2435
3817.0,2435
4528.0,2435
453.0,2433
6960.0,2432
3573.0,2429
6992.0,2427
1370.0,2425
2744.0,2425
3896.0,2419
3992.0,2419
5868.0,2419
4041.0,2417
4684.0,2416
1135.0,2415
4219.0,2413
6794.0,2412
7830.0,2412
788.0,2407
7098.0,2407
5374.0,2406
6925.0,2404
8331.0,2403
7226.0,2403
414.0,2401
1720.0,2397
2086.0,2393
5248.0,2389
431.0,2388
4542.0,2388
787.0,2387
6365.0,2385
1177.0,2381
8372.0,2380
116.0,2380
6600.0,2379
2283.0,2378
554.0,2377
1851.0,2375
7476.0,2375
967.0,2374
6872.0,2370
8108.0,2369
1192.0,2368
3897.0,2366
424.0,2364
6752.0,2359
713.0,2359
4251.0,2358
2176.0,2357
1215.0,2351
824.0,2350
8138.0,2349
1269.0,2349
2119.0,2347
4095.0,2346
8434.0,2345
1525.0,2344
1363.0,2344
1165.0,2344
361.0,2341
3289.0,2341
2688.0,2341
8109.0,2340
1345.0,2340
5643.0,2339
4181.0,2339
3509.0,2333
5837.0,2326
5808.0,2324
7791.0,2320
5197.0,2319
1510.0,2317
6306.0,2315
4231.0,2313
2958.0,2313
4079.0,2312
5700.0,2304
8344.0,2304
740.0,2302
5944.0,2302
4499.0,2302
5694.0,2301
6586.0,2300
3694.0,2297
7475.0,2296
1958.0,2290
8091.0,2289
4631.0,2283
5588.0,2283
3341.0,2283
4454.0,2279
2207.0,2278
7387.0,2276
7035.0,2276
7282.0,2274
8447.0,2271
508.0,2267
7413.0,2267
7411.0,2264
4596.0,2263
86.0,2258
4440.0,2253
7266.0,2253
1602.0,2250
5003.0,2249
5429.0,2239
1545.0,2239
575.0,2238
7295.0,2235
5331.0,2233
401.0,2232
2574.0,2231
3893.0,2231
7806.0,2229
3144.0,2228
3838.0,2225
4128.0,2221
5856.0,2220
3816.0,2219
5970.0,2219
8426.0,2215
8159.0,2215
2814.0,2213
500.0,2212
5195.0,2209
6530.0,2208
4733.0,2208
8176.0,2206
1467.0,2206
6045.0,2205
7959.0,2204
6553.0,2201
4444.0,2196
512.0,2193
128.0,2192
2593.0,2192
5622.0,2183
3418.0,2183
6675.0,2181
4165.0,2181
296.0,2181
6824.0,2179
8298.0,2177
1289.0,2177
7254.0,2176
7705.0,2173
4983.0,2173
8435.0,2173
1278.0,2172
1009.0,2171
3693.0,2171
7317.0,2167
3546.0,2166
2499.0,2162
2635.0,2156
262.0,2154
2487.0,2154
1011.0,2154
1539.0,2150
521.0,2149
7559.0,2147
8269.0,2146
7530.0,2146
5606.0,2144
3684.0,2141
7233.0,2139
4159.0,2139
8026.0,2136
8203.0,2136
6264.0,2134
1768.0,2132
7492.0,2132
3208.0,2132
2721.0,2131
8324.0,2130
3007.0,2130
3278.0,2128
7986.0,2127
6266.0,2121
1050.0,2120
8375.0,2120
1600.0,2119
6531.0,2119
5786.0,2118
7955.0,2116
3617.0,2106
6189.0,2106
2433.0,2104
5221.0,2104
1380.0,2097
3899.0,2097
8128.0,2092
4686.0,2092
6036.0,2089
7360.0,2087
2343.0,2086
1454.0,2085
2566.0,2084
278.0,2083
5364.0,2081
3495.0,2081
5743.0,2079
7864.0,2079
1503.0,2073
2634.0,2071
6239.0,2069
5325.0,2069
974.0,2068
4768.0,2068
422.0,2065
1757.0,2064
5662.0,2064
7641.0,2063
2703.0,2062
6726.0,2062
5342.0,2061
2128.0,2060
7929.0,2059
8452.0,2058
5514.0,2056
4654.0,2056
5760.0,2056
3319.0,2055
7903.0,2054
8023.0,2053
6973.0,2052
2253.0,2051
28.0,2049
776.0,2046
5251.0,2044
4560.0,2043
7205.0,2043
5817.0,2042
5909.0,2041
2190.0,2041
608.0,2038
339.0,2036
1103.0,2036
6056.0,2036
6776.0,2033
1030.0,2032
3771.0,2031
2213.0,2028
473.0,2024
4136.0,2022
3389.0,2021
7058.0,2020
1541.0,2019
3447.0,2017
3938.0,2016
2320.0,2015
1772.0,2014
6504.0,2013
272.0,2012
1281.0,2012
6465.0,2012
571.0,2011
4470.0,2011
4432.0,2011
800.0,2010
1920.0,2009
2071.0,2007
1899.0,2006
6974.0,2003
6201.0,2003
3301.0,2003
7477.0,2003
2772.0,2003
4554.0,2001
3168.0,2001
5663.0,1999
8313.0,1998
5462.0,1997
4020.0,1997
5182.0,1996
2850.0,1992
5844.0,1992
8017.0,1988
5728.0,1986
8158.0,1983
7243.0,1979
3840.0,1978
94.0,1978
2500.0,1978
3155.0,1977
1171.0,1975
56.0,1973
5873.0,1970
340.0,1970
3371.0,1970
2284.0,1970
2649.0,1967
6125.0,1967
229.0,1967
5284.0,1967
746.0,1966
596.0,1966
7399.0,1963
6084.0,1963
6556.0,1962
5314.0,1962
7792.0,1961
8454.0,1955
6175.0,1954
5900.0,1953
1252.0,1949
5824.0,1946
904.0,1945
1100.0,1943
7263.0,1943
6846.0,1943
5963.0,1940
2853.0,1940
5104.0,1939
4693.0,1938
2033.0,1933
2839.0,1932
5704.0,1931
4093.0,1931
6943.0,1926
3249.0,1926
5791.0,1925
2670.0,1922
3630.0,1921
7126.0,1920
1840.0,1920
443.0,1919
4574.0,1917
7461.0,1917
871.0,1917
7125.0,1911
2836.0,1910
8061.0,1907
5269.0,1904
957.0,1903
5701.0,1901
5884.0,1901
5483.0,1901
5971.0,1901
7388.0,1901
4224.0,1900
4439.0,1900
1123.0,1894
1867.0,1892
3031.0,1891
4846.0,1889
8001.0,1888
2091.0,1887
853.0,1883
6625.0,1883
488.0,1881
268.0,1880
1968.0,1880
1137.0,1876
3629.0,1875
1057.0,1872
1890.0,1871
7285.0,1871
4072.0,1871
1504.0,1870
3858.0,1864
6558.0,1863
3102.0,1861
7052.0,1861
4153.0,1861
8247.0,1860
7827.0,1860
7848.0,1859
3460.0,1857
5725.0,1855
263.0,1854
6972.0,1850
8395.0,1848
8294.0,1847
4642.0,1847
1453.0,1847
3005.0,1843
6299.0,1843
5232.0,1842
2185.0,1842
7028.0,1839
5380.0,1838
6021.0,1834
1612.0,1831
2548.0,1827
230.0,1827
2785.0,1827
1809.0,1826
2900.0,1824
1290.0,1823
7054.0,1820
4445.0,1817
8424.0,1817
3378.0,1814
5813.0,1809
6801.0,1806
7700.0,1806
1346.0,1806
5771.0,1805
6178.0,1805
4663.0,1804
1149.0,1803
5253.0,1802
6772.0,1802
2060.0,1801
3755.0,1800
307.0,1800
1089.0,1799
4891.0,1798
6964.0,1798
926.0,1798
2570.0,1794
6369.0,1792
4599.0,1791
1332.0,1790
2357.0,1787
7776.0,1786
4409.0,1783
2138.0,1778
2529.0,1778
597.0,1778
6991.0,1776
3657.0,1776
5298.0,1773
4903.0,1773
6844.0,1772
5955.0,1770
5886.0,1770
8336.0,1765
7607.0,1762
2382.0,1761
290.0,1760
4140.0,1760
8275.0,1757
630.0,1757
5991.0,1757
6888.0,1755
2866.0,1749
1435.0,1749
5391.0,1746
7286.0,1746
8379.0,1746
2944.0,1745
168.0,1741
1112.0,1740
4191.0,1740
1530.0,1738
172.0,1737
6676.0,1736
7964.0,1736
329.0,1735
5250.0,1734
3713.0,1734
4243.0,1733
3961.0,1733
1343.0,1732
4226.0,1730
200.0,1728
4096.0,1723
5493.0,1721
908.0,1720
1368.0,1719
6900.0,1717
3492.0,1716
4021.0,1713
7677.0,1709
2933.0,1709
3222.0,1708
7919.0,1707
6880.0,1705
7039.0,1704
5159.0,1704
3201.0,1703
5007.0,1699
2826.0,1698
931.0,1697
4633.0,1697
2094.0,1697
7444.0,1693
5433.0,1693
4910.0,1692
5775.0,1691
2041.0,1690
5474.0,1689
8021.0,1686
5363.0,1684
3662.0,1683
4518.0,1683
2539.0,1682
378.0,1681
959.0,1680
7985.0,1678
5222.0,1677
3138.0,1676
219.0,1674
4637.0,1673
1463.0,1671
611.0,1670
1751.0,1670
3153.0,1663
1682.0,1660
4658.0,1659
2391.0,1657
8113.0,1657
6077.0,1656
1322.0,1655
2960.0,1653
5490.0,1652
6754.0,1651
5926.0,1650
3552.0,1650
6146.0,1648
756.0,1648
1159.0,1648
640.0,1646
5240.0,1646
3003.0,1644
655.0,1643
2140.0,1643
4056.0,1641
5130.0,1640
7902.0,1636
1047.0,1635
7363.0,1633
2399.0,1631
2434.0,1630
1359.0,1629
7470.0,1628
4025.0,1628
8199.0,1625
3988.0,1625
4908.0,1623
4559.0,1623
1875.0,1622
5036.0,1622
122.0,1619
6955.0,1618
5911.0,1612
1474.0,1612
7490.0,1612
4837.0,1611
5351.0,1610
3900.0,1610
5556.0,1606
1279.0,1605
635.0,1604
1617.0,1602
4966.0,1598
4467.0,1598
8448.0,1597
998.0,1593
1015.0,1593
5713.0,1592
2893.0,1590
4240.0,1588
1433.0,1588
7315.0,1587
1934.0,1586
70.0,1584
6139.0,1582
7825.0,1582
6310.0,1579
4402.0,1578
2122.0,1577
3658.0,1577
5921.0,1574
7485.0,1573
2718.0,1571
210.0,1569
8046.0,1568
7192.0,1566
4941.0,1564
8255.0,1564
7354.0,1562
5874.0,1562
5455.0,1562
8284.0,1561
644.0,1561
6593.0,1561
8217.0,1561
409.0,1560
687.0,1558
2388.0,1558
4831.0,1556
2694.0,1553
8312.0,1553
8195.0,1551
7472.0,1549
995.0,1546
7909.0,1546
6389.0,1543
2965.0,1542
6432.0,1539
8462.0,1534
4196.0,1534
507.0,1533
5185.0,1531
3493.0,1531
1834.0,1529
1344.0,1529
8182.0,1528
5055.0,1527
5802.0,1523
850.0,1522
3198.0,1519
1755.0,1518
5063.0,1512
3562.0,1511
7473.0,1510
77.0,1510
1825.0,1506
1738.0,1503
1936.0,1503
2722.0,1501
6570.0,1499
4129.0,1499
5356.0,1496
8387.0,1496
8206.0,1495
91.0,1495
6685.0,1495
6193.0,1493
5906.0,1491
4099.0,1487
4949.0,1487
5629.0,1486
2754.0,1486
4483.0,1485
3880.0,1484
6672.0,1483
1382.0,1482
44.0,1482
6905.0,1482
11.0,1482
7589.0,1479
6977.0,1477
3172.0,1476
1326.0,1475
8012.0,1474
1357.0,1472
1790.0,1465
7275.0,1465
6358.0,1465
4334.0,1463
6632.0,1460
4263.0,1458
4178.0,1457
6436.0,1456
2820.0,1453
4523.0,1452
6829.0,1452
4049.0,1449
6700.0,1443
5445.0,1442
8141.0,1442
6578.0,1441
4516.0,1440
761.0,1439
2973.0,1435
2102.0,1433
5000.0,1433
5304.0,1433
6179.0,1432
3335.0,1432
2404.0,1431
2255.0,1429
3642.0,1429
1058.0,1429
6213.0,1428
4759.0,1427
2519.0,1427
8393.0,1427
6210.0,1426
3010.0,1424
4813.0,1424
2655.0,1423
1546.0,1422
6227.0,1422
312.0,1421
1301.0,1420
3602.0,1420
2756.0,1419
2812.0,1419
671.0,1419
4135.0,1419
7172.0,1417
354.0,1417
7256.0,1417
7173.0,1416
4406.0,1416
4720.0,1412
2747.0,1411
7877.0,1411
6492.0,1406
7526.0,1405
4927.0,1405
2795.0,1405
1288.0,1404
8185.0,1403
357.0,1403
3703.0,1402
6684.0,1401
5044.0,1400
7077.0,1400
7307.0,1395
8443.0,1395
2460.0,1394
2035.0,1393
2325.0,1393
261.0,1393
692.0,1393
2811.0,1393
4238.0,1391
7509.0,1390
20.0,1387
3344.0,1387
4031.0,1386
6131.0,1384
4474.0,1383
5382.0,1383
7727.0,1381
3135.0,1379
4089.0,1379
8177.0,1376
946.0,1376
5326.0,1374
1384.0,1371
5667.0,1371
3106.0,1368
5571.0,1367
6941.0,1367
2848.0,1366
2954.0,1366
206.0,1366
5026.0,1366
8451.0,1365
7443.0,1365
2715.0,1363
6187.0,1362
7601.0,1360
6097.0,1358
872.0,1358
676.0,1357
5082.0,1357
2401.0,1349
3920.0,1348
8334.0,1347
3321.0,1346
6747.0,1346
910.0,1344
8042.0,1342
400.0,1342
8121.0,1339
362.0,1338
6730.0,1338
4939.0,1337
725.0,1337
7569.0,1337
5264.0,1336
1690.0,1336
3108.0,1335
4657.0,1333
1109.0,1332
4274.0,1332
7790.0,1332
193.0,1330
4398.0,1329
5947.0,1329
1386.0,1328
4008.0,1328
5066.0,1328
4553.0,1325
1465.0,1325
5065.0,1325
2114.0,1325
8025.0,1324
1842.0,1323
2598.0,1323
7132.0,1322
4605.0,1319
3317.0,1318
3231.0,1318
4896.0,1318
41.0,1315
955.0,1315
5467.0,1315
5932.0,1314
3733.0,1314
4959.0,1311
6949.0,1310
7198.0,1310
8410.0,1310
6650.0,1309
3655.0,1308
4009.0,1308
1216.0,1306
6856.0,1306
6664.0,1305
5154.0,1304
6203.0,1304
7997.0,1302
6508.0,1297
7469.0,1296
292.0,1295
102.0,1295
2753.0,1294
4081.0,1294
3099.0,1293
7872.0,1290
4687.0,1287
6427.0,1285
4054.0,1285
5607.0,1285
7019.0,1285
1761.0,1285
4006.0,1285
112.0,1284
5073.0,1282
8468.0,1279
4880.0,1276
5523.0,1276
747.0,1275
467.0,1273
7547.0,1272
7815.0,1272
5310.0,1270
8013.0,1269
24.0,1267
873.0,1267
6809.0,1267
5846.0,1264
1895.0,1261
8139.0,1261
6184.0,1260
4841.0,1258
6469.0,1258
6009.0,1257
2560.0,1257
6414.0,1257
7237.0,1256
2844.0,1256
8058.0,1256
7368.0,1255
7025.0,1254
8063.0,1254
4394.0,1253
842.0,1253
3055.0,1252
2171.0,1251
2953.0,1251
3338.0,1251
5246.0,1249
1038.0,1246
477.0,1243
689.0,1242
1832.0,1242
1589.0,1240
8014.0,1240
5301.0,1240
6024.0,1240
1710.0,1236
4645.0,1234
3615.0,1233
1767.0,1230
8446.0,1229
2935.0,1229
2294.0,1226
399.0,1225
2883.0,1225
7934.0,1224
7723.0,1224
4873.0,1222
4877.0,1218
7481.0,1217
7109.0,1212
34.0,1211
3586.0,1211
7494.0,1210
1876.0,1209
7089.0,1208
4647.0,1208
921.0,1207
5680.0,1207
7211.0,1206
5608.0,1205
1019.0,1204
5518.0,1202
5414.0,1196
370.0,1196
7329.0,1193
6917.0,1191
5281.0,1191
1827.0,1191
6881.0,1188
7895.0,1188
6180.0,1186
1197.0,1184
66.0,1183
4756.0,1182
1305.0,1181
5500.0,1180
1780.0,1180
2536.0,1179
5387.0,1178
5280.0,1173
8266.0,1173
5062.0,1172
7432.0,1172
2465.0,1171
2717.0,1170
7671.0,1169
6129.0,1168
2569.0,1167
8150.0,1167
4270.0,1161
1839.0,1160
6654.0,1158
6359.0,1155
6082.0,1155
1621.0,1154
802.0,1154
5495.0,1153
3496.0,1152
7422.0,1151
2092.0,1150
690.0,1149
202.0,1146
3379.0,1146
4738.0,1145
427.0,1141
8179.0,1141
6283.0,1140
4865.0,1139
7846.0,1136
2650.0,1133
8015.0,1132
3854.0,1131
4212.0,1129
5628.0,1129
90.0,1128
4680.0,1128
7114.0,1127
526.0,1127
2227.0,1127
6546.0,1124
1389.0,1124
877.0,1123
7747.0,1123
4190.0,1123
4898.0,1121
7474.0,1120
6290.0,1118
5753.0,1118
2146.0,1117
975.0,1114
2159.0,1114
7674.0,1114
2908.0,1111
553.0,1110
2602.0,1110
5749.0,1109
5268.0,1108
848.0,1106
1313.0,1106
6724.0,1105
6683.0,1103
7888.0,1103
3100.0,1101
6599.0,1101
177.0,1100
5045.0,1098
7043.0,1097
7733.0,1095
839.0,1094
3381.0,1092
2363.0,1091
5165.0,1090
3095.0,1086
5544.0,1085
7191.0,1085
5206.0,1084
7764.0,1077
3925.0,1077
6737.0,1076
1822.0,1076
6353.0,1075
5960.0,1075
602.0,1069
881.0,1068
6494.0,1067
7627.0,1067
7380.0,1067
3048.0,1063
6510.0,1061
7768.0,1058
4597.0,1058
4958.0,1055
7593.0,1055
5156.0,1054
979.0,1054
3351.0,1053
1554.0,1053
3122.0,1051
2510.0,1051
823.0,1049
903.0,1046
5170.0,1044
6209.0,1044
8227.0,1044
4624.0,1040
1896.0,1040
8276.0,1040
7598.0,1039
1946.0,1039
1627.0,1037
5237.0,1036
235.0,1033
778.0,1032
1046.0,1030
6522.0,1029
3799.0,1027
6195.0,1027
5378.0,1026
938.0,1026
4757.0,1025
3085.0,1023
243.0,1023
6058.0,1023
8183.0,1022
4050.0,1022
7272.0,1018
1146.0,1017
2878.0,1016
8429.0,1014
5830.0,1011
4725.0,1010
7602.0,1010
3039.0,1008
3588.0,1005
827.0,1002
1174.0,999
7676.0,999
1245.0,998
6113.0,998
4565.0,997
6833.0,994
1736.0,993
6580.0,993
7258.0,993
3152.0,992
2858.0,985
5257.0,985
3605.0,984
2419.0,983
6565.0,983
3951.0,982
1004.0,981
2012.0,981
6641.0,979
4723.0,977
3763.0,977
4674.0,974
4612.0,974
8221.0,972
8098.0,971
7339.0,971
7007.0,970
6544.0,970
2735.0,967
2437.0,966
3223.0,966
7324.0,966
348.0,966
1039.0,963
838.0,963
2095.0,959
152.0,958
5931.0,958
5768.0,957
2765.0,957
7232.0,957
8033.0,955
7489.0,954
7643.0,954
6316.0,950
954.0,949
3641.0,948
3286.0,947
2157.0,947
5964.0,944
2716.0,943
8341.0,942
3252.0,941
7633.0,938
5949.0,937
1864.0,936
2226.0,936
4598.0,933
1888.0,933
1599.0,932
7182.0,931
4514.0,931
1962.0,927
6071.0,927
2955.0,927
4080.0,927
4689.0,926
8289.0,924
4342.0,923
7083.0,922
5466.0,922
2957.0,921
7817.0,919
6341.0,917
4137.0,917
3750.0,917
4840.0,917
4803.0,916
1120.0,915
2364.0,914
4709.0,913
6153.0,911
4753.0,911
5396.0,910
4649.0,903
3990.0,901
3603.0,898
6094.0,897
933.0,894
4337.0,892
5671.0,891
8354.0,890
8074.0,887
7332.0,887
6554.0,886
1257.0,884
5157.0,883
3395.0,883
1234.0,882
2405.0,877
1195.0,876
282.0,875
1945.0,874
6091.0,874
2800.0,874
4215.0,873
4533.0,873
4547.0,873
7728.0,871
4462.0,870
2961.0,869
4339.0,865
4321.0,864
958.0,864
2940.0,864
6272.0,863
3669.0,862
482.0,860
5229.0,859
5933.0,856
3761.0,855
8432.0,854
249.0,854
8073.0,852
5831.0,851
8092.0,851
271.0,850
3086.0,850
8080.0,850
6539.0,849
2948.0,848
4717.0,847
3797.0,846
185.0,845
1184.0,844
2942.0,841
6751.0,841
6758.0,839
8398.0,838
2999.0,838
2496.0,837
2829.0,836
5816.0,836
2109.0,836
5772.0,835
7159.0,835
1655.0,832
8428.0,831
8421.0,830
7718.0,827
4923.0,825
4413.0,825
3426.0,822
7038.0,822
7545.0,822
6871.0,818
8458.0,815
6440.0,814
8477.0,813
7403.0,808
5896.0,804
4253.0,804
6966.0,803
2430.0,803
1891.0,802
7974.0,801
2441.0,800
624.0,800
7220.0,798
612.0,796
5400.0,795
6877.0,793
4044.0,791
4997.0,791
6757.0,789
6756.0,789
2392.0,788
7583.0,788
1220.0,787
2036.0,787
3017.0,786
4546.0,785
4794.0,785
1857.0,784
5746.0,782
6027.0,782
2454.0,782
3245.0,780
6857.0,780
3760.0,779
8040.0,778
7720.0,776
2211.0,775
3664.0,775
2081.0,773
7947.0,772
860.0,771
3820.0,771
5089.0,771
237.0,770
3471.0,768
3436.0,768
2601.0,764
5823.0,763
3619.0,763
6840.0,761
1056.0,760
6167.0,760
945.0,760
8467.0,759
5049.0,759
103.0,759
251.0,758
3260.0,758
3294.0,755
6566.0,755
2556.0,754
6787.0,752
5088.0,752
2540.0,751
2390.0,751
7325.0,750
5194.0,747
4508.0,746
3885.0,746
2050.0,746
7801.0,745
1116.0,745
1336.0,744
4078.0,743
3906.0,743
5002.0,742
7041.0,741
5162.0,739
2192.0,734
4305.0,734
5807.0,731
7835.0,728
7431.0,728
7644.0,727
2188.0,723
677.0,722
6339.0,721
7920.0,720
4962.0,720
2663.0,718
1762.0,716
4885.0,715
646.0,714
4185.0,712
719.0,711
2995.0,710
2877.0,710
5147.0,709
8342.0,709
6812.0,708
3498.0,708
4732.0,707
1601.0,706
3785.0,706
146.0,705
1676.0,704
4944.0,704
555.0,701
4070.0,700
4695.0,699
3620.0,698
1694.0,697
7632.0,696
1020.0,696
1376.0,695
6920.0,694
1136.0,694
936.0,693
7113.0,693
7805.0,692
4100.0,690
8180.0,689
6671.0,689
6263.0,687
890.0,687
5144.0,686
3279.0,685
2167.0,684
8148.0,679
7688.0,677
7596.0,674
7112.0,674
6932.0,673
6636.0,673
1634.0,672
298.0,671
1727.0,671
8090.0,670
21.0,670
4996.0,670
1255.0,668
7636.0,668
6459.0,666
2269.0,666
2720.0,664
2491.0,664
4822.0,661
5072.0,661
7910.0,659
559.0,656
1670.0,656
2875.0,654
586.0,654
5322.0,652
7143.0,651
5440.0,650
3513.0,649
2001.0,649
7105.0,649
3352.0,648
2993.0,645
7573.0,644
6347.0,643
6521.0,641
5300.0,641
4500.0,640
5914.0,640
6605.0,640
1624.0,638
3743.0,635
273.0,635
7305.0,634
2521.0,633
4085.0,632
1218.0,630
6688.0,629
8346.0,629
6838.0,629
3811.0,629
6640.0,629
798.0,627
3895.0,627
3295.0,625
5967.0,625
4681.0,624
4249.0,621
1496.0,621
577.0,620
4310.0,619
781.0,619
8422.0,618
7699.0,618
6996.0,618
5262.0,615
3780.0,612
3066.0,611
7059.0,610
6373.0,608
332.0,608
3709.0,607
1476.0,606
1432.0,606
1029.0,604
6336.0,603
5615.0,603
6463.0,602
3947.0,602
7612.0,601
7519.0,601
5722.0,601
3304.0,601
1707.0,601
5059.0,600
915.0,595
8022.0,595
2212.0,592
6237.0,592
1470.0,588
1879.0,588
2076.0,587
3227.0,586
7793.0,585
3465.0,584
6538.0,582
7441.0,580
4493.0,580
5589.0,578
7678.0,578
8163.0,578
8191.0,576
4433.0,576
4214.0,576
6025.0,575
1903.0,572
7770.0,572
7615.0,570
1211.0,569
209.0,567
4408.0,567
7122.0,564
912.0,564
6273.0,564
5487.0,563
80.0,562
5102.0,561
6820.0,561
6019.0,560
2472.0,560
4990.0,560
5647.0,559
4526.0,558
8135.0,558
7323.0,554
2962.0,548
7584.0,548
2352.0,547
5794.0,546
1492.0,545
3197.0,544
1929.0,543
2048.0,541
4602.0,541
715.0,541
7371.0,541
3359.0,540
4900.0,539
150.0,538
4007.0,537
2296.0,537
5110.0,536
6392.0,536
7565.0,535
4197.0,534
4811.0,534
3421.0,532
3830.0,532
8404.0,531
5480.0,531
7741.0,529
7287.0,527
7453.0,527
6557.0,527
3387.0,527
5416.0,526
40.0,526
3757.0,526
5585.0,525
3006.0,525
8371.0,525
5212.0,523
3121.0,522
614.0,521
3240.0,520
8386.0,518
7925.0,518
7486.0,516
5820.0,515
4122.0,515
2366.0,515
4183.0,515
3980.0,515
6398.0,515
742.0,514
1721.0,514
123.0,514
2229.0,513
5707.0,513
5953.0,513
1088.0,511
5061.0,511
2273.0,510
2872.0,510
7683.0,509
8067.0,509
3026.0,509
8370.0,508
6177.0,508
2798.0,506
5716.0,506
934.0,504
3696.0,503
833.0,503
2571.0,502
5358.0,502
4285.0,502
4414.0,501
7050.0,500
8110.0,500
668.0,499
7637.0,498
2549.0,498
5118.0,497
5140.0,496
3209.0,494
1366.0,493
3419.0,491
2941.0,490
701.0,490
923.0,489
7016.0,489
4088.0,488
4490.0,488
5408.0,487
182.0,485
2990.0,485
3306.0,485
3606.0,485
8438.0,483
1782.0,483
6270.0,482
6426.0,481
7822.0,481
1251.0,480
3922.0,479
2938.0,478
6274.0,478
6768.0,477
4810.0,476
4812.0,475
7534.0,475
4189.0,473
2078.0,473
8088.0,472
5112.0,472
8220.0,472
3970.0,472
3280.0,472
4144.0,471
4472.0,470
7927.0,469
3377.0,468
7952.0,468
8311.0,468
8188.0,467
7298.0,466
2846.0,465
5535.0,465
4209.0,464
1274.0,464
6667.0,463
1296.0,463
3248.0,462
7393.0,461
937.0,460
2855.0,460
7478.0,459
8400.0,458
8306.0,458
3741.0,456
3445.0,455
7655.0,454
1819.0,454
4934.0,453
1643.0,452
2272.0,452
5987.0,452
1002.0,451
2223.0,451
5211.0,450
3812.0,448
4134.0,448
3567.0,447
7512.0,446
5594.0,446
3585.0,446
911.0,446
1526.0,446
3203.0,445
3532.0,444
985.0,444
7973.0,444
1249.0,443
8470.0,443
6034.0,443
6854.0,442
6686.0,441
858.0,441
7294.0,441
451.0,439
4217.0,439
822.0,437
439.0,437
6406.0,435
999.0,434
7465.0,433
7883.0,433
4938.0,432
4412.0,432
2752.0,430
3337.0,429
1756.0,429
3519.0,429
901.0,426
5976.0,425
6000.0,425
6128.0,425
59.0,424
2911.0,422
2843.0,421
2435.0,420
6901.0,420
1967.0,419
5247.0,418
3798.0,418
4407.0,418
7775.0,418
6108.0,417
1759.0,416
1520.0,416
447.0,416
6710.0,415
4118.0,415
8338.0,414
2396.0,412
2062.0,412
7568.0,411
208.0,411
4830.0,410
5450.0,408
867.0,408
4685.0,408
5095.0,408
869.0,407
205.0,407
7694.0,406
3479.0,406
7013.0,405
7828.0,405
3308.0,405
2161.0,405
1918.0,402
258.0,402
4716.0,402
8133.0,401
764.0,401
8047.0,401
2489.0,399
5940.0,399
1323.0,399
8131.0,398
159.0,397
3531.0,396
805.0,395
5995.0,395
5277.0,395
2034.0,395
2013.0,394
3868.0,394
7831.0,393
3963.0,392
763.0,392
6603.0,391
2202.0,391
23.0,390
4842.0,389
4046.0,389
4503.0,389
3796.0,389
4116.0,388
1369.0,388
3932.0,388
3800.0,387
4242.0,387
6813.0,386
7996.0,385
5106.0,384
5819.0,384
7567.0,383
6286.0,383
5989.0,383
639.0,382
3265.0,382
4194.0,381
4331.0,381
4376.0,381
2870.0,380
3315.0,379
3185.0,378
5916.0,377
1390.0,377
1061.0,377
6712.0,376
4610.0,375
4428.0,374
4862.0,373
4127.0,373
2605.0,372
7189.0,372
5859.0,371
6744.0,371
4536.0,370
6078.0,370
1750.0,369
5551.0,369
1528.0,368
3628.0,366
1913.0,366
5053.0,365
5071.0,363
4293.0,363
4368.0,363
1354.0,363
5218.0,363
6004.0,362
478.0,362
2195.0,361
5418.0,360
6931.0,360
7497.0,359
7786.0,358
4325.0,357
1688.0,357
1378.0,357
215.0,356
1939.0,356
288.0,356
3656.0,356
2613.0,354
2353.0,354
5726.0,353
3793.0,353
2383.0,353
204.0,351
7416.0,351
6970.0,350
3148.0,349
7049.0,348
5954.0,348
8403.0,347
2280.0,347
5485.0,344
5173.0,343
4848.0,342
7140.0,341
4601.0,341
7812.0,340
295.0,340
510.0,340
5560.0,340
7887.0,340
3556.0,339
1131.0,339
7605.0,339
4481.0,338
1502.0,338
2106.0,337
6850.0,337
6928.0,336
7767.0,335
4232.0,335
7262.0,334
6394.0,334
7096.0,331
64.0,330
1188.0,330
4397.0,330
4675.0,328
993.0,327
2901.0,326
1675.0,325
1724.0,324
3449.0,324
2947.0,324
2181.0,323
3488.0,323
4488.0,323
3705.0,322
1110.0,322
2277.0,322
4213.0,321
5033.0,321
8280.0,320
4901.0,319
6851.0,319
1566.0,318
3011.0,318
2736.0,318
6516.0,318
3219.0,317
480.0,316
4769.0,316
5153.0,315
4035.0,315
7264.0,315
6929.0,314
6059.0,314
6518.0,314
3823.0,314
1540.0,313
1472.0,311
499.0,310
2058.0,310
2393.0,310
4826.0,309
2139.0,309
2892.0,309
7383.0,309
5834.0,307
5105.0,306
7271.0,306
4521.0,305
5646.0,305
1595.0,305
3582.0,303
3886.0,302
6289.0,302
7440.0,301
3263.0,300
3480.0,299
3946.0,298
5020.0,298
7814.0,298
3790.0,298
6543.0,296
4431.0,296
2096.0,295
7244.0,295
1238.0,294
4241.0,293
4968.0,293
5158.0,293
5266.0,292
1349.0,292
6205.0,291
6802.0,291
7922.0,290
7245.0,289
1587.0,289
5306.0,288
5447.0,287
2037.0,287
6096.0,287
79.0,287
834.0,287
636.0,286
2442.0,286
1087.0,286
6993.0,284
7541.0,283
971.0,282
2792.0,282
5115.0,281
1610.0,280
2249.0,280
5012.0,280
1961.0,280
3235.0,280
6395.0,279
7242.0,278
6876.0,278
2085.0,278
6117.0,278
7102.0,276
171.0,276
2367.0,275
8433.0,275
7344.0,275
1544.0,274
7066.0,274
440.0,273
1180.0,273
7758.0,273
7230.0,272
1964.0,272
836.0,270
7107.0,270
1556.0,270
4200.0,269
7514.0,267
7400.0,267
2386.0,267
1213.0,267
4664.0,266
6843.0,266
917.0,266
7640.0,266
4496.0,265
5541.0,264
3514.0,263
2888.0,262
4780.0,262
7975.0,262
1400.0,262
1273.0,261
3907.0,261
5747.0,261
5470.0,261
7543.0,260
1965.0,260
8444.0,260
51.0,259
3956.0,259
7932.0,258
8071.0,258
7603.0,257
1365.0,256
1401.0,256
2686.0,256
3343.0,255
7084.0,255
5540.0,255
4087.0,254
6031.0,254
4789.0,253
2117.0,253
218.0,252
1073.0,252
503.0,252
4980.0,252
6572.0,252
3737.0,251
3433.0,250
8132.0,250
2023.0,250
8251.0,249
4799.0,249
2354.0,248
4162.0,247
2466.0,247
4975.0,247
902.0,246
5583.0,245
236.0,245
7984.0,245
1008.0,245
2330.0,245
4146.0,244
5332.0,244
7081.0,244
3117.0,244
5934.0,244
3982.0,244
757.0,242
1122.0,242
1154.0,241
5328.0,241
741.0,240
2697.0,240
2219.0,240
6405.0,239
2983.0,238
6485.0,238
1581.0,238
2080.0,238
6325.0,237
920.0,237
6855.0,237
14.0,236
1693.0,236
7351.0,235
8178.0,235
7867.0,235
3742.0,235
5439.0,235
3362.0,234
8377.0,234
3877.0,233
2118.0,233
3536.0,233
2675.0,232
359.0,232
1645.0,232
3162.0,232
3636.0,232
6791.0,232
5883.0,232
7219.0,231
2182.0,231
4570.0,230
6099.0,230
4126.0,230
709.0,229
345.0,229
1824.0,229
5593.0,229
5690.0,229
953.0,229
3072.0,228
6145.0,227
5908.0,227
6416.0,227
2816.0,227
5811.0,227
1892.0,226
6470.0,225
7260.0,225
7588.0,223
7427.0,223
7369.0,222
1553.0,222
2079.0,221
5213.0,221
4792.0,221
930.0,221
5605.0,220
1660.0,220
8330.0,220
2991.0,220
7829.0,219
3809.0,219
766.0,219
7966.0,218
3802.0,218
5611.0,218
1969.0,217
1183.0,217
5410.0,217
481.0,217
5338.0,216
1113.0,216
3073.0,215
7849.0,213
160.0,213
5259.0,212
7689.0,212
663.0,212
1836.0,211
5645.0,211
5805.0,211
1737.0,210
6147.0,210
5460.0,209
6898.0,209
6130.0,209
3450.0,209
6891.0,208
8115.0,208
1317.0,207
5507.0,207
111.0,206
2687.0,206
4371.0,205
3942.0,205
5774.0,205
3229.0,205
3399.0,205
5642.0,205
703.0,205
6574.0,205
5688.0,204
3581.0,204
1884.0,204
1702.0,204
4282.0,204
5035.0,204
1409.0,204
1769.0,203
7017.0,203
1978.0,202
6075.0,201
1048.0,201
4739.0,201
4463.0,201
1935.0,200
50.0,200
1712.0,199
4395.0,199
8193.0,198
8190.0,198
7702.0,197
1560.0,197
4817.0,197
3502.0,197
4677.0,196
5620.0,196
5986.0,196
4492.0,196
605.0,196
7977.0,196
7458.0,195
2266.0,195
6847.0,195
6609.0,195
4336.0,195
6222.0,194
2932.0,194
2250.0,193
131.0,193
2887.0,193
4569.0,193
3859.0,192
1938.0,192
2042.0,192
2617.0,192
2905.0,191
1561.0,191
7374.0,191
8181.0,191
7366.0,191
3701.0,191
6745.0,190
4651.0,190
7642.0,190
5790.0,190
6471.0,190
5681.0,190
5586.0,189
6618.0,189
1299.0,189
2806.0,188
4943.0,188
6935.0,187
6430.0,187
6551.0,187
1586.0,187
1705.0,187
5279.0,186
5537.0,186
317.0,186
5806.0,186
2084.0,185
7965.0,185
222.0,184
2654.0,184
5109.0,184
6438.0,184
420.0,183
3702.0,183
5754.0,183
8030.0,182
7321.0,182
6806.0,182
7745.0,182
8307.0,181
2764.0,181
135.0,181
4779.0,180
7548.0,180
6037.0,180
8044.0,180
137.0,179
3014.0,179
2332.0,179
5458.0,178
2822.0,178
6074.0,178
1053.0,178
4567.0,177
6770.0,177
3191.0,177
1516.0,177
2626.0,177
4210.0,176
7672.0,176
6355.0,176
2193.0,175
7302.0,175
5733.0,175
7824.0,175
2751.0,174
7923.0,174
4702.0,173
4005.0,173
772.0,173
8064.0,173
3773.0,173
2025.0,172
4392.0,172
4936.0,172
501.0,172
274.0,171
1031.0,171
7926.0,170
3974.0,170
1092.0,170
5160.0,169
7471.0,169
8201.0,169
2886.0,169
5602.0,168
5498.0,168
5395.0,168
3028.0,168
6292.0,167
8277.0,167
2105.0,167
5371.0,167
6793.0,167
4727.0,165
3388.0,164
598.0,164
5392.0,163
1880.0,163
2835.0,163
2329.0,163
151.0,163
1507.0,162
2568.0,162
5377.0,162
2385.0,161
1064.0,160
6499.0,160
6706.0,160
6727.0,160
6140.0,160
3729.0,160
6954.0,159
8475.0,159
7571.0,158
4544.0,158
7881.0,158
2220.0,158
5839.0,157
3361.0,157
731.0,157
7308.0,157
5108.0,156
4609.0,156
8114.0,156
3923.0,156
4291.0,155
6093.0,155
4579.0,155
2762.0,155
981.0,155
2411.0,154
3470.0,154
3598.0,154
8244.0,154
1377.0,154
6690.0,153
739.0,153
4981.0,153
2152.0,153
7594.0,153
6646.0,153
4734.0,153
2237.0,153
5526.0,153
269.0,152
6721.0,152
4630.0,152
1730.0,152
3412.0,152
536.0,151
114.0,151
5405.0,151
7618.0,151
7570.0,151
6644.0,151
3706.0,151
3324.0,151
6148.0,150
2473.0,150
8296.0,150
2410.0,150
6057.0,150
5869.0,150
7002.0,150
4824.0,150
3872.0,150
6085.0,149
6707.0,149
882.0,149
7040.0,149
6202.0,148
8116.0,148
3114.0,147
4105.0,147
1646.0,147
101.0,147
718.0,147
3638.0,147
7810.0,146
2054.0,146
4201.0,146
5951.0,146
5616.0,145
2928.0,145
4425.0,145
8248.0,145
2474.0,145
5698.0,144
4255.0,144
4922.0,144
4858.0,144
5719.0,144
907.0,144
6448.0,144
6397.0,143
3576.0,143
4931.0,143
1524.0,143
3987.0,143
2604.0,143
1752.0,143
7255.0,143
863.0,143
8038.0,142
2986.0,142
6174.0,142
6921.0,142
5691.0,142
3463.0,142
622.0,141
5100.0,141
2279.0,141
3092.0,140
3611.0,140
3685.0,140
1481.0,140
2799.0,140
7852.0,140
647.0,140
3386.0,139
1410.0,139
5291.0,139
5520.0,139
4298.0,139
2881.0,139
4703.0,139
3759.0,139
6401.0,139
436.0,138
156.0,138
5121.0,138
8142.0,138
6413.0,138
3211.0,137
45.0,137
3504.0,137
6298.0,136
6185.0,136
1765.0,135
8155.0,135
8456.0,135
6168.0,135
6713.0,135
5534.0,135
6689.0,135
5887.0,135
220.0,135
5255.0,134
1582.0,134
3408.0,134
7055.0,134
308.0,134
2311.0,134
5783.0,134
6610.0,133
6134.0,133
3913.0,133
6403.0,133
2857.0,133
8300.0,133
1254.0,133
3618.0,133
6617.0,133
4600.0,133
8257.0,132
6064.0,132
3561.0,132
3032.0,132
3518.0,131
1437.0,131
4571.0,131
2481.0,131
5457.0,131
2671.0,131
4036.0,131
7246.0,130
786.0,130
2531.0,130
4854.0,130
4853.0,130
4511.0,129
5924.0,129
4622.0,129
6893.0,129
1495.0,129
8402.0,128
7024.0,128
2476.0,128
293.0,128
1657.0,128
1747.0,127
783.0,127
3058.0,127
3120.0,126
522.0,126
2099.0,126
8223.0,126
4317.0,126
6200.0,126
986.0,125
7236.0,125
7144.0,125
1855.0,125
3224.0,125
1585.0,125
1704.0,124
5085.0,124
1648.0,124
3297.0,123
6010.0,123
4384.0,123
1006.0,123
5198.0,122
5341.0,122
1948.0,122
5962.0,122
8144.0,122
7779.0,122
6449.0,122
1059.0,122
2642.0,121
2443.0,121
5525.0,121
5226.0,121
31.0,121
8299.0,120
6294.0,120
5984.0,120
1160.0,120
2245.0,120
1728.0,120
289.0,119
8457.0,119
8414.0,119
1327.0,119
6070.0,119
6387.0,119
5254.0,118
5143.0,118
2859.0,118
935.0,118
2028.0,118
5990.0,118
4314.0,118
456.0,118
1126.0,117
3050.0,117
3625.0,117
410.0,117
2725.0,117
1081.0,117
2682.0,116
3179.0,116
8339.0,116
665.0,116
5666.0,116
6181.0,116
2198.0,115
1543.0,115
8366.0,115
5164.0,115
4556.0,114
878.0,114
5461.0,114
2448.0,114
5385.0,114
7804.0,114
3996.0,114
5057.0,114
1606.0,113
6862.0,113
7523.0,113
1631.0,112
3955.0,112
7180.0,112
181.0,112
1250.0,112
6486.0,111
6384.0,111
2501.0,111
727.0,111
43.0,111
7021.0,111
558.0,111
4965.0,111
1572.0,110
2362.0,110
2301.0,110
4692.0,110
3534.0,110
3762.0,110
1265.0,110
327.0,110
7127.0,109
3644.0,109
5564.0,109
4785.0,109
1298.0,108
4303.0,108
6411.0,108
735.0,108
3695.0,108
5885.0,107
2804.0,107
3918.0,107
3766.0,107
3909.0,107
1304.0,107
1263.0,107
3836.0,107
285.0,107
1987.0,106
1429.0,106
770.0,106
6763.0,106
7930.0,106
1800.0,106
627.0,106
8035.0,106
3993.0,106
4857.0,106
2553.0,106
4218.0,105
6114.0,105
4451.0,105
769.0,104
7156.0,104
6043.0,104
5595.0,103
5479.0,103
5512.0,103
1226.0,103
6155.0,103
18.0,102
4659.0,102
4059.0,102
4772.0,102
1447.0,102
4405.0,102
3176.0,102
7133.0,102
92.0,102
1718.0,101
7350.0,101
1529.0,101
7428.0,100
2136.0,100
730.0,100
1741.0,100
5133.0,100
1471.0,100
1841.0,99
7022.0,99
7691.0,99
6782.0,99
6161.0,99
5850.0,99
855.0,99
2450.0,98
315.0,98
583.0,98
2699.0,98
4341.0,98
3104.0,98
3748.0,98
2506.0,98
6311.0,97
8053.0,97
1993.0,97
3149.0,97
1577.0,97
6251.0,97
4982.0,97
1592.0,97
1722.0,96
7314.0,96
4338.0,96
7373.0,96
5187.0,96
1235.0,96
4836.0,95
1990.0,95
7216.0,95
4999.0,95
7662.0,95
6366.0,94
1723.0,94
3784.0,94
6525.0,94
2247.0,94
233.0,94
3688.0,93
1926.0,93
6062.0,93
1084.0,93
7771.0,93
6327.0,93
7358.0,93
5866.0,93
1613.0,92
6598.0,92
3904.0,92
2832.0,92
4845.0,92
2336.0,92
1405.0,92
352.0,92
383.0,91
2615.0,91
6596.0,91
4202.0,91
5168.0,91
7772.0,91
8323.0,90
2019.0,90
5031.0,90
6678.0,90
4003.0,90
6281.0,90
2328.0,90
5453.0,90
2873.0,90
7682.0,90
4147.0,89
6368.0,89
5344.0,89
7423.0,89
8085.0,89
7130.0,89
2580.0,88
6645.0,88
4117.0,88
7679.0,88
7290.0,88
3926.0,88
4071.0,88
1379.0,87
2633.0,87
2075.0,87
276.0,87
1493.0,87
7484.0,87
7531.0,87
1923.0,87
4266.0,86
1550.0,86
6571.0,86
6487.0,86
576.0,86
8436.0,85
284.0,85
1697.0,85
4869.0,85
3225.0,85
7847.0,85
943.0,85
7999.0,85
1270.0,85
8472.0,85
3047.0,85
1045.0,85
4957.0,84
2218.0,84
7658.0,84
6696.0,84
4479.0,84
7970.0,84
3548.0,84
8172.0,84
7562.0,84
2632.0,84
1179.0,84
5684.0,83
6243.0,83
6694.0,83
6452.0,83
1261.0,83
4375.0,83
5598.0,82
2847.0,82
8360.0,82
1609.0,82
95.0,82
6402.0,82
1333.0,82
455.0,82
5732.0,82
3406.0,81
309.0,81
1807.0,81
1996.0,81
6985.0,81
3410.0,81
6160.0,81
458.0,81
6061.0,80
1262.0,80
6755.0,80
53.0,80
3207.0,80
2724.0,80
6589.0,79
8359.0,79
7957.0,79
5048.0,79
6265.0,79
3382.0,79
7717.0,79
3597.0,79
4929.0,79
3841.0,79
2039.0,79
2339.0,79
5838.0,79
5648.0,79
6529.0,79
3115.0,79
7177.0,78
3097.0,78
2542.0,78
7364.0,78
2287.0,78
3088.0,78
8127.0,78
1477.0,78
6429.0,78
1652.0,78
38.0,77
5563.0,77
6157.0,77
4933.0,77
6234.0,77
7362.0,77
1951.0,77
6285.0,77
3936.0,77
2490.0,76
403.0,76
5136.0,76
446.0,76
5244.0,76
2011.0,76
951.0,75
7142.0,75
6396.0,75
7375.0,75
5654.0,75
1696.0,75
1312.0,75
722.0,75
4698.0,75
6841.0,75
2700.0,75
3577.0,75
3454.0,75
4557.0,74
2089.0,74
2059.0,74
2750.0,74
6736.0,74
1145.0,74
7027.0,74
3571.0,74
4497.0,74
7800.0,73
1706.0,73
3998.0,73
1639.0,73
2665.0,73
3875.0,73
2787.0,72
1984.0,72
2627.0,72
2607.0,72
7563.0,72
898.0,72
1798.0,72
3159.0,72
978.0,72
5078.0,72
4047.0,72
2298.0,71
2335.0,71
121.0,71
2802.0,71
5139.0,71
4646.0,71
1398.0,71
7708.0,71
4450.0,70
8153.0,70
6868.0,70
807.0,70
5631.0,70
4911.0,70
6514.0,70
3123.0,70
3355.0,69
2767.0,69
5973.0,69
1198.0,69
6577.0,69
8340.0,69
6276.0,69
15.0,69
6026.0,69
6052.0,69
3267.0,69
5292.0,68
7299.0,68
710.0,68
6788.0,68
6668.0,68
1656.0,68
2120.0,68
2949.0,68
3989.0,68
4040.0,67
3127.0,67
1229.0,67
3054.0,67
2125.0,67
5151.0,67
1716.0,67
1871.0,67
4849.0,67
6716.0,67
6526.0,67
1074.0,67
610.0,67
1792.0,66
2439.0,66
5032.0,66
5050.0,66
3957.0,66
7376.0,66
7296.0,66
3557.0,66
2599.0,66
4045.0,66
6766.0,66
3349.0,66
1910.0,66
3417.0,66
2865.0,66
643.0,66
4333.0,66
8083.0,66
2346.0,66
506.0,66
5864.0,66
433.0,66
3994.0,66
7853.0,65
1291.0,65
7343.0,65
7511.0,65
2400.0,65
2739.0,65
3190.0,65
1518.0,65
6883.0,65
8268.0,64
5767.0,64
660.0,64
5546.0,64
1310.0,64
8291.0,64
4351.0,64
2790.0,64
556.0,63
3109.0,63
6226.0,63
3653.0,63
6760.0,63
3282.0,63
2611.0,63
7949.0,63
4766.0,62
1134.0,62
5687.0,62
2917.0,62
5657.0,62
4527.0,62
6247.0,62
2322.0,62
925.0,62
4012.0,62
5637.0,62
7209.0,62
4984.0,62
5548.0,62
7659.0,61
785.0,61
8383.0,61
138.0,61
7788.0,61
4906.0,61
3648.0,61
3415.0,61
7625.0,61
7064.0,61
5590.0,61
5047.0,61
3948.0,61
1837.0,61
1957.0,61
4701.0,60
7813.0,60
2863.0,60
4459.0,60
1650.0,60
5781.0,60
3401.0,60
6081.0,60
1870.0,60
7310.0,60
120.0,60
5893.0,60
67.0,60
5128.0,60
1241.0,60
39.0,60
6502.0,60
5568.0,59
3570.0,59
2867.0,59
6386.0,59
7068.0,59
5880.0,59
8146.0,59
6287.0,59
7009.0,59
3131.0,59
358.0,59
2101.0,59
5538.0,59
1063.0,58
1806.0,58
2777.0,58
6351.0,58
4361.0,58
450.0,58
7488.0,58
6873.0,58
1558.0,58
5368.0,58
6422.0,58
4851.0,57
5370.0,57
8218.0,57
1489.0,57
8094.0,57
468.0,57
1739.0,57
5673.0,57
2421.0,57
49.0,57
2909.0,57
5929.0,57
6952.0,56
5770.0,56
4019.0,56
3928.0,56
255.0,56
197.0,56
4369.0,56
4961.0,56
2920.0,56
2290.0,56
1371.0,56
7501.0,56
6561.0,56
3084.0,56
3477.0,56
4638.0,56
2067.0,56
3325.0,56
6779.0,55
2606.0,55
7908.0,55
5664.0,55
3524.0,55
1810.0,55
8254.0,55
7252.0,55
1339.0,55
759.0,55
1200.0,55
4228.0,55
2186.0,55
4784.0,54
3778.0,54
497.0,54
143.0,54
1361.0,54
407.0,54
7042.0,54
8072.0,54
7378.0,54
4979.0,53
1950.0,53
7071.0,53
3119.0,53
2705.0,53
6484.0,53
2505.0,53
984.0,53
7785.0,53
5167.0,53
7100.0,53
3835.0,53
4002.0,53
868.0,52
1774.0,52
493.0,52
2436.0,52
4086.0,52
5276.0,52
3291.0,52
8348.0,52
4919.0,52
2215.0,52
1372.0,52
7274.0,51
3719.0,51
3568.0,51
7238.0,51
8381.0,51
7840.0,51
738.0,51
6250.0,51
7034.0,51
7313.0,51
8174.0,51
3529.0,51
1144.0,51
7006.0,51
2719.0,51
6879.0,50
5094.0,50
6940.0,50
4062.0,50
956.0,50
7003.0,50
106.0,50
8304.0,50
2313.0,50
6498.0,50
7811.0,50
5423.0,50
174.0,50
835.0,50
2310.0,50
3770.0,49
2155.0,49
7527.0,49
831.0,49
2546.0,49
7138.0,49
3667.0,49
2704.0,49
1941.0,49
5848.0,49
3236.0,49
8335.0,49
7988.0,49
4798.0,49
4970.0,49
4411.0,49
8095.0,48
7353.0,48
5227.0,48
2882.0,48
6619.0,48
6937.0,48
621.0,48
3962.0,48
17.0,48
7320.0,48
1788.0,48
1658.0,48
7726.0,48
6778.0,48
8225.0,48
5852.0,48
4318.0,48
5017.0,48
57.0,47
1397.0,47
2647.0,47
5475.0,47
4489.0,47
2172.0,47
3242.0,47
5087.0,47
3580.0,47
2775.0,47
2796.0,47
8329.0,47
2931.0,47
4563.0,47
5710.0,47
2307.0,47
1922.0,47
1329.0,47
3079.0,47
3413.0,47
5675.0,47
3045.0,47
7916.0,47
7904.0,46
2691.0,46
4775.0,46
454.0,46
2522.0,46
485.0,46
7352.0,46
1033.0,46
7267.0,46
6415.0,46
2457.0,46
3541.0,46
7251.0,46
3316.0,46
7434.0,46
694.0,46
2338.0,46
4718.0,46
1940.0,46
582.0,45
997.0,45
6122.0,45
729.0,45
5025.0,45
1482.0,45
191.0,45
1204.0,45
3277.0,45
3435.0,45
145.0,45
5419.0,45
6886.0,45
4001.0,45
3215.0,45
5950.0,44
7067.0,44
2492.0,44
6705.0,44
7195.0,44
3274.0,44
3347.0,44
2770.0,44
4510.0,44
3027.0,44
4878.0,44
1616.0,44
1266.0,44
3879.0,44
5531.0,44
7018.0,44
6295.0,43
8016.0,43
234.0,43
3160.0,43
1998.0,43
4935.0,43
3740.0,43
8352.0,43
4235.0,43
6214.0,43
6063.0,43
7306.0,43
2199.0,43
5398.0,43
4208.0,43
6378.0,43
486.0,43
991.0,43
6669.0,43
4535.0,43
6995.0,43
6978.0,43
1598.0,42
4379.0,42
8170.0,42
1669.0,42
3083.0,42
4102.0,42
7075.0,42
4946.0,42
1673.0,42
8278.0,42
5114.0,42
1078.0,42
4494.0,42
6255.0,41
6922.0,41
4106.0,41
118.0,41
1450.0,41
3506.0,41
987.0,41
8230.0,41
658.0,41
5501.0,41
6665.0,41
2845.0,41
1943.0,41
275.0,41
5842.0,41
1258.0,41
2592.0,40
3497.0,40
2838.0,40
5845.0,40
2194.0,40
379.0,40
840.0,40
3110.0,40
2484.0,40
3255.0,40
4619.0,40
2112.0,40
4426.0,40
5428.0,40
369.0,40
5578.0,39
1633.0,39
3170.0,39
3659.0,39
1331.0,39
3483.0,39
5656.0,39
2538.0,39
6702.0,39
6729.0,39
3112.0,39
1703.0,39
7005.0,39
5522.0,39
6739.0,39
7079.0,39
1162.0,39
4742.0,39
8027.0,39
2874.0,39
6715.0,39
7905.0,39
7897.0,39
1318.0,39
8293.0,39
557.0,38
5346.0,38
3543.0,38
5150.0,38
7277.0,38
1127.0,38
1563.0,38
426.0,38
6370.0,38
7609.0,38
2376.0,38
6933.0,38
5469.0,38
5706.0,38
7564.0,38
2996.0,38
2077.0,38
7554.0,38
2713.0,38
7390.0,38
1026.0,38
81.0,37
3538.0,37
7031.0,37
1158.0,37
6583.0,37
566.0,37
5256.0,37
1075.0,37
5288.0,37
5573.0,37
1240.0,37
2324.0,37
7778.0,37
1778.0,37
2415.0,37
6354.0,37
1785.0,37
6.0,37
161.0,37
5928.0,37
2559.0,36
5996.0,36
7841.0,36
336.0,36
1823.0,36
3283.0,36
7540.0,36
6188.0,36
1000.0,36
7120.0,36
4513.0,36
7765.0,36
7297.0,36
7316.0,36
322.0,36
5235.0,36
708.0,35
6317.0,35
7787.0,35
3901.0,35
8369.0,35
4280.0,35
4592.0,35
4986.0,35
3328.0,35
7550.0,35
3137.0,35
6541.0,35
1227.0,35
2178.0,35
6765.0,35
5945.0,34
4011.0,34
1434.0,34
7574.0,34
8460.0,34
441.0,34
4995.0,34
7348.0,34
5566.0,34
1816.0,34
5570.0,34
371.0,34
2282.0,34
8051.0,34
1749.0,34
870.0,34
6892.0,34
6450.0,34
2896.0,34
7150.0,34
8240.0,34
7415.0,34
4786.0,34
587.0,34
93.0,33
2640.0,33
1023.0,33
4030.0,33
5761.0,33
3632.0,33
8162.0,33
130.0,33
6308.0,33
2664.0,33
4976.0,33
1223.0,33
1054.0,33
4262.0,33
7193.0,33
6647.0,33
4582.0,33
5261.0,32
3722.0,32
7522.0,32
7799.0,32
2532.0,32
265.0,32
7928.0,32
6594.0,32
4340.0,32
4673.0,32
4055.0,32
6312.0,32
5488.0,32
551.0,32
6674.0,31
7739.0,31
1523.0,31
129.0,31
1813.0,31
2236.0,31
1445.0,31
3062.0,31
7991.0,31
7227.0,31
6631.0,31
3081.0,31
2380.0,31
8450.0,31
2623.0,31
3756.0,31
8029.0,31
4578.0,31
155.0,31
7821.0,31
6670.0,31
4790.0,31
5875.0,31
4016.0,31
7429.0,31
4448.0,31
2524.0,31
3753.0,31
203.0,30
6345.0,30
6601.0,30
8226.0,30
2861.0,30
4648.0,30
1328.0,30
5969.0,30
8200.0,30
3400.0,30
2930.0,30
7950.0,30
5401.0,30
8100.0,30
7278.0,30
7391.0,30
4220.0,30
6277.0,30
4860.0,30
5686.0,30
7942.0,30
6845.0,30
1125.0,30
8167.0,30
4346.0,30
2133.0,30
1413.0,30
4531.0,29
5994.0,29
3560.0,29
6523.0,29
4114.0,29
5912.0,29
5117.0,29
4124.0,29
6597.0,29
6328.0,29
779.0,29
1615.0,29
6466.0,29
2774.0,29
5943.0,29
3874.0,29
6878.0,29
3511.0,29
1150.0,29
1506.0,29
3216.0,29
1885.0,29
5231.0,29
381.0,29
5787.0,29
3407.0,29
1490.0,29
5449.0,29
2880.0,29
4902.0,28
656.0,28
2447.0,28
699.0,28
3397.0,28
3651.0,28
4155.0,28
351.0,28
4148.0,28
364.0,28
1597.0,28
4091.0,28
7675.0,28
6728.0,28
8392.0,28
5349.0,28
2222.0,28
5127.0,28
7913.0,28
4588.0,28
3290.0,28
4621.0,28
3668.0,28
4315.0,28
6478.0,28
2628.0,28
1976.0,28
157.0,28
3892.0,28
8166.0,28
2154.0,27
7382.0,27
3346.0,27
919.0,27
6870.0,27
2964.0,27
2074.0,27
3310.0,27
3276.0,27
5557.0,27
5905.0,27
3691.0,27
6380.0,27
253.0,27
4366.0,27
3366.0,27
1334.0,27
561.0,27
8187.0,27
5290.0,27
909.0,27
1590.0,27
4737.0,27
2126.0,27
4942.0,27
4149.0,27
83.0,26
1986.0,26
6207.0,26
1141.0,26
2629.0,26
1955.0,26
5407.0,26
6038.0,26
6364.0,26
6717.0,26
3609.0,26
7078.0,26
16.0,26
6497.0,26
4370.0,26
7624.0,26
939.0,26
4614.0,26
7858.0,25
7014.0,25
1143.0,25
6235.0,25
7750.0,25
8389.0,25
4746.0,25
5205.0,25
5769.0,25
6047.0,25
5901.0,25
5609.0,25
705.0,25
1108.0,25
1795.0,25
6733.0,25
2666.0,25
3266.0,25
7185.0,25
5797.0,25
1533.0,25
5650.0,24
5311.0,24
7115.0,24
4077.0,24
5381.0,24
8171.0,24
6942.0,24
5319.0,24
8265.0,24
1499.0,24
1862.0,24
4198.0,24
4163.0,24
717.0,24
2579.0,24
887.0,24
5536.0,24
693.0,24
5149.0,24
2895.0,24
4751.0,24
8208.0,24
6259.0,24
85.0,24
6162.0,24
8466.0,24
4788.0,24
591.0,23
6278.0,23
6229.0,23
3520.0,23
1537.0,23
578.0,23
7595.0,23
680.0,23
2341.0,23
3934.0,23
2369.0,23
505.0,23
7414.0,23
5267.0,23
489.0,23
2040.0,23
2597.0,23
3365.0,23
3572.0,23
4363.0,23
1775.0,23
5137.0,23
5998.0,23
245.0,23
4478.0,23
4967.0,23
6852.0,23
804.0,23
199.0,23
4735.0,23
5413.0,23
4660.0,23
5477.0,23
5676.0,22
3060.0,22
132.0,22
1912.0,22
3090.0,22
5323.0,22
4203.0,22
1622.0,22
6743.0,22
5309.0,22
3965.0,22
5361.0,22
6680.0,22
6520.0,22
1391.0,22
6050.0,22
1090.0,22
4372.0,22
1744.0,22
1745.0,22
3237.0,22
175.0,22
6271.0,22
861.0,22
4319.0,22
6280.0,22
6924.0,22
7199.0,22
6777.0,22
6428.0,22
6424.0,22
1426.0,22
5422.0,22
2129.0,21
4427.0,21
4469.0,21
2233.0,21
2757.0,21
1021.0,21
8441.0,21
1156.0,21
7953.0,21
2596.0,21
2359.0,21
2534.0,21
7392.0,21
2530.0,21
4904.0,21
3584.0,21
5441.0,21
7763.0,21
3116.0,21
6008.0,21
3704.0,21
5952.0,21
7704.0,21
859.0,21
3857.0,21
3890.0,21
5897.0,21
1276.0,21
180.0,21
7766.0,21
5782.0,21
3995.0,21
2461.0,21
4278.0,21
2063.0,21
452.0,20
5278.0,20
190.0,20
437.0,20
2438.0,20
6163.0,20
1814.0,20
3363.0,20
6837.0,20
8361.0,20
1604.0,20
6799.0,20
1562.0,20
7280.0,20
4847.0,20
8363.0,20
2312.0,20
2257.0,20
3272.0,20
3953.0,20
1733.0,20
2164.0,20
4152.0,20
1451.0,20
6152.0,20
1979.0,20
3068.0,20
7578.0,20
4678.0,20
460.0,20
5090.0,20
6948.0,20
2899.0,19
3765.0,19
963.0,19
4892.0,19
3288.0,19
2975.0,19
306.0,19
4195.0,19
2621.0,19
1514.0,19
4749.0,19
4729.0,19
8332.0,19
1462.0,19
4458.0,19
4211.0,19
4187.0,19
3292.0,19
8408.0,19
2010.0,19
3554.0,19
1347.0,19
5822.0,19
7861.0,19
1817.0,19
8418.0,19
8430.0,19
5202.0,19
5390.0,19
5902.0,19
5632.0,19
1340.0,19
7818.0,19
2217.0,19
686.0,19
1776.0,19
5124.0,19
6159.0,19
2052.0,19
5481.0,19
7448.0,19
7557.0,18
4629.0,18
5777.0,18
6172.0,18
8328.0,18
8211.0,18
3064.0,18
4061.0,18
8256.0,18
638.0,18
2143.0,18
812.0,18
3013.0,18
2916.0,18
1201.0,18
2130.0,18
7616.0,18
6691.0,18
5669.0,18
7657.0,18
1051.0,18
5239.0,18
5111.0,18
6087.0,18
3333.0,18
6244.0,18
2550.0,18
541.0,18
3555.0,18
5904.0,18
765.0,18
3902.0,18
5601.0,18
7214.0,18
8147.0,18
2692.0,18
2624.0,18
1163.0,18
1427.0,18
6301.0,18
3293.0,18
509.0,17
1324.0,17
76.0,17
117.0,17
5814.0,17
1897.0,17
4204.0,17
5758.0,17
3218.0,17
8316.0,17
1850.0,17
8290.0,17
5649.0,17
519.0,17
6419.0,17
5550.0,17
6535.0,17
7037.0,17
165.0,17
1167.0,17
6979.0,17
5282.0,17
8111.0,17
5101.0,17
2868.0,17
2224.0,17
5030.0,17
2929.0,17
5001.0,17
6348.0,17
5016.0,17
6192.0,17
4920.0,16
1513.0,16
3717.0,16
1856.0,16
6458.0,16
6219.0,16
5879.0,16
6918.0,16
2309.0,16
6904.0,16
2562.0,16
1411.0,16
6953.0,16
363.0,16
7496.0,16
7698.0,16
1535.0,16
5937.0,16
3579.0,16
4679.0,16
8241.0,16
4429.0,16
207.0,16
3478.0,16
6622.0,16
3067.0,16
1914.0,16
7301.0,16
2002.0,16
7611.0,16
2006.0,16
7116.0,16
4373.0,16
819.0,16
3482.0,16
239.0,16
7099.0,16
6319.0,16
2150.0,16
1194.0,15
6903.0,15
7433.0,15
6797.0,15
7215.0,15
1355.0,15
816.0,15
7000.0,15
1036.0,15
774.0,15
3710.0,15
1497.0,15
4206.0,15
1486.0,15
1608.0,15
4374.0,15
2108.0,15
2316.0,15
6254.0,15
2148.0,15
8168.0,15
4626.0,15
3622.0,15
7638.0,15
8405.0,15
3173.0,15
8407.0,15
4515.0,15
4576.0,15
3299.0,15
5318.0,15
107.0,15
5721.0,15
4539.0,15
2412.0,15
3001.0,15
8412.0,15
5898.0,15
538.0,15
6420.0,15
7710.0,15
1424.0,15
4161.0,15
3728.0,15
4861.0,15
6013.0,15
3037.0,14
7731.0,14
5357.0,14
588.0,14
4107.0,14
2823.0,14
7311.0,14
4328.0,14
8301.0,14
3991.0,14
8314.0,14
1666.0,14
3596.0,14
147.0,14
1678.0,14
7338.0,14
1319.0,14
5854.0,14
4832.0,14
3676.0,14
7969.0,14
7406.0,14
1034.0,14
8368.0,14
89.0,14
5018.0,14
745.0,14
6951.0,14
8152.0,14
758.0,14
2418.0,14
4924.0,14
8453.0,14
2305.0,14
6506.0,14
319.0,14
2525.0,14
6909.0,14
4954.0,13
7111.0,13
1801.0,13
7377.0,13
2583.0,13
267.0,13
3501.0,13
2424.0,13
4590.0,13
6821.0,13
5829.0,13
4416.0,13
1157.0,13
2180.0,13
6718.0,13
1010.0,13
5286.0,13
4436.0,13
2869.0,13
5096.0,13
2344.0,13
2065.0,13
63.0,13
6764.0,13
4710.0,13
6661.0,13
7147.0,13
1117.0,13
8380.0,13
3129.0,13
6252.0,13
3966.0,13
7304.0,13
3984.0,13
3053.0,13
1638.0,13
1485.0,13
7515.0,13
6496.0,13
5942.0,13
6971.0,12
4289.0,12
6512.0,12
2285.0,12
4671.0,12
96.0,12
5219.0,12
4311.0,12
796.0,12
6238.0,12
7803.0,12
4589.0,12
5634.0,12
4548.0,12
1170.0,12
7906.0,12
2225.0,12
8263.0,12
4495.0,12
5386.0,12
8222.0,12
8326.0,12
425.0,12
6711.0,12
7048.0,12
733.0,12
2141.0,12
618.0,12
4236.0,12
2398.0,12
3075.0,12
1787.0,12
6902.0,12
1070.0,12
3745.0,12
6410.0,12
3.0,12
3251.0,12
5019.0,12
7506.0,12
78.0,12
5070.0,12
6260.0,12
4173.0,12
5497.0,12
2984.0,12
3340.0,12
2345.0,12
3318.0,12
1894.0,12
5804.0,12
4038.0,12
1161.0,11
6262.0,11
7181.0,11
291.0,11
3853.0,11
2544.0,11
7968.0,11
8050.0,11
6722.0,11
7225.0,11
5260.0,11
4486.0,11
5174.0,11
266.0,11
3921.0,11
7229.0,11
629.0,11
7207.0,11
1212.0,11
413.0,11
7796.0,11
5630.0,11
7060.0,11
5621.0,11
6559.0,11
476.0,11
1686.0,11
1689.0,11
707.0,11
8272.0,11
3065.0,11
6687.0,11
4109.0,11
5542.0,11
6588.0,11
5888.0,11
8427.0,11
7755.0,11
6051.0,11
1753.0,11
4069.0,11
6363.0,10
1583.0,10
3767.0,10
37.0,10
737.0,10
2622.0,10
1138.0,10
2657.0,10
7160.0,10
5730.0,10
7990.0,10
4261.0,10
8156.0,10
8160.0,10
6830.0,10
1844.0,10
2677.0,10
2985.0,10
1044.0,10
6069.0,10
2347.0,10
2572.0,10
892.0,10
6103.0,10
3034.0,10
4893.0,10
6723.0,10
1796.0,10
584.0,10
8310.0,10
3128.0,10
4819.0,10
8212.0,10
595.0,10
3356.0,10
533.0,10
5641.0,10
6923.0,10
6576.0,10
4864.0,9
6284.0,9
7442.0,9
2667.0,9
4808.0,9
7395.0,9
2678.0,9
2577.0,9
7693.0,9
2659.0,9
3261.0,9
3652.0,9
2408.0,9
8136.0,9
7535.0,9
3247.0,9
2504.0,9
7269.0,9
844.0,9
6377.0,9
2497.0,9
7690.0,9
3789.0,9
4388.0,9
4591.0,9
6206.0,9
3180.0,9
5293.0,9
421.0,9
7912.0,9
4316.0,9
6982.0,9
7499.0,9
6212.0,9
5312.0,9
438.0,9
1977.0,9
599.0,9
5661.0,9
1603.0,9
820.0,9
2049.0,9
8124.0,9
415.0,9
5384.0,9
6509.0,9
8283.0,9
4257.0,9
8250.0,9
5832.0,9
3553.0,9
4023.0,9
4401.0,9
891.0,9
2308.0,9
1952.0,9
5354.0,9
8169.0,9
4420.0,9
2701.0,9
7660.0,9
3440.0,9
2727.0,9
2732.0,9
841.0,8
789.0,8
4015.0,8
794.0,8
7044.0,8
4437.0,8
8401.0,8
8261.0,8
990.0,8
4791.0,8
3036.0,8
4783.0,8
4770.0,8
2648.0,8
4067.0,8
4603.0,8
4111.0,8
4268.0,8
4227.0,8
4699.0,8
3442.0,8
4691.0,8
4076.0,8
7513.0,8
5562.0,8
395.0,8
6634.0,8
7784.0,8
5099.0,8
5107.0,8
7798.0,8
3336.0,8
6197.0,8
2288.0,8
5670.0,8
2267.0,8
6382.0,8
5275.0,8
25.0,8
6528.0,8
2127.0,8
6527.0,8
7467.0,8
732.0,8
1186.0,8
6511.0,8
753.0,8
1285.0,8
6542.0,8
1902.0,8
6388.0,8
659.0,8
8093.0,8
5872.0,8
7681.0,8
711.0,8
697.0,8
6867.0,8
1838.0,8
2156.0,7
5862.0,7
7836.0,7
2093.0,7
1665.0,7
1295.0,7
1628.0,7
1205.0,7
2189.0,7
7620.0,7
5465.0,7
3414.0,7
2885.0,7
7882.0,7
3136.0,7
4447.0,7
6092.0,7
1860.0,7
7826.0,7
2988.0,7
7095.0,7
4051.0,7
5745.0,7
5739.0,7
6630.0,7
5699.0,7
5695.0,7
5692.0,7
4313.0,7
4856.0,7
2934.0,7
7424.0,7
35.0,7
565.0,7
6076.0,7
6533.0,7
2024.0,7
793.0,7
6018.0,7
2937.0,7
8209.0,7
876.0,7
2428.0,7
3787.0,7
75.0,7
2349.0,7
2360.0,7
1124.0,7
3256.0,7
7250.0,7
2371.0,7
5060.0,7
2653.0,7
2426.0,7
2456.0,7
4643.0,7
6421.0,7
2610.0,7
337.0,7
1086.0,7
4909.0,7
6919.0,7
4806.0,7
6457.0,7
2535.0,7
3430.0,7
6899.0,7
1375.0,7
1789.0,7
2239.0,7
5295.0,7
6753.0,7
8474.0,7
8198.0,7
7498.0,7
3674.0,7
5299.0,7
8362.0,7
3839.0,7
4587.0,7
1509.0,7
3852.0,7
5294.0,7
224.0,7
2248.0,7
6318.0,7
8374.0,7
3150.0,6
3204.0,6
5957.0,6
62.0,6
1575.0,6
7487.0,6
1294.0,6
5980.0,6
1748.0,6
4097.0,6
7167.0,6
3057.0,6
3140.0,6
6468.0,6
1719.0,6
3409.0,6
7502.0,6
7462.0,6
1383.0,6
3101.0,6
6474.0,6
3911.0,6
3246.0,6
8378.0,6
7460.0,6
6361.0,6
2936.0,6
1282.0,6
7917.0,6
2203.0,6
1178.0,6
4501.0,6
531.0,6
2209.0,6
4538.0,6
5320.0,6
6738.0,6
4561.0,6
4575.0,6
2745.0,6
4586.0,6
6986.0,6
5296.0,6
2709.0,6
2824.0,6
7937.0,6
2299.0,6
5215.0,6
5169.0,6
3627.0,6
2361.0,6
7398.0,6
6456.0,6
6859.0,6
4762.0,6
4782.0,6
4894.0,6
7372.0,6
4871.0,6
2168.0,6
5339.0,6
8232.0,6
2015.0,6
2977.0,6
8286.0,6
1863.0,6
7860.0,6
518.0,6
5755.0,6
5633.0,6
2898.0,6
4222.0,6
3300.0,6
6608.0,6
1222.0,6
5877.0,6
2097.0,6
5504.0,6
8242.0,6
5881.0,6
5766.0,6
343.0,5
8034.0,5
8394.0,5
71.0,5
513.0,5
7445.0,5
7359.0,5
631.0,5
691.0,5
246.0,5
7503.0,5
564.0,5
7412.0,5
7421.0,5
7327.0,5
685.0,5
8197.0,5
613.0,5
7834.0,5
7851.0,5
194.0,5
8097.0,5
2.0,5
2228.0,5
6961.0,5
5899.0,5
6505.0,5
1199.0,5
3175.0,5
6297.0,5
1511.0,5
3411.0,5
2561.0,5
5635.0,5
1517.0,5
3680.0,5
2047.0,5
2064.0,5
7051.0,5
5939.0,5
4418.0,5
1111.0,5
6732.0,5
4301.0,5
3494.0,5
1037.0,5
3539.0,5
5764.0,5
4969.0,5
3264.0,5
1916.0,5
1853.0,5
1095.0,5
2445.0,5
6442.0,5
5871.0,5
6807.0,5
1833.0,5
1924.0,5
3727.0,5
3692.0,5
6338.0,5
2389.0,5
3059.0,5
960.0,5
7085.0,5
1591.0,5
846.0,5
5345.0,5
6095.0,5
2776.0,5
4551.0,5
7221.0,5
3200.0,5
6126.0,5
1630.0,5
1708.0,5
4616.0,5
6186.0,5
4424.0,5
6033.0,5
4971.0,5
4697.0,5
3808.0,5
7091.0,5
2837.0,5
6246.0,5
4793.0,5
2087.0,5
6245.0,5
2609.0,5
6001.0,5
4101.0,4
2068.0,4
3679.0,4
6604.0,4
5412.0,4
5435.0,4
5436.0,4
700.0,4
3675.0,4
6476.0,4
8399.0,4
6495.0,4
688.0,4
2088.0,4
6552.0,4
466.0,4
5468.0,4
1302.0,4
4517.0,4
3959.0,4
7613.0,4
8350.0,4
7580.0,4
544.0,4
5961.0,4
607.0,4
5982.0,4
1584.0,4
1596.0,4
1882.0,4
6150.0,4
7661.0,4
1695.0,4
6073.0,4
1663.0,4
3206.0,4
6083.0,4
3807.0,4
5925.0,4
1549.0,4
8373.0,4
5851.0,4
1443.0,4
7542.0,4
523.0,4
3917.0,4
7729.0,4
6350.0,4
6344.0,4
3783.0,4
3239.0,4
4154.0,4
6330.0,4
3788.0,4
534.0,4
5918.0,4
3233.0,4
5329.0,4
148.0,4
4829.0,4
2876.0,4
1017.0,4
4863.0,4
186.0,4
6956.0,4
3393.0,4
6926.0,4
6908.0,4
4355.0,4
2486.0,4
2482.0,4
1085.0,4
4963.0,4
4322.0,4
2469.0,4
1114.0,4
743.0,4
3522.0,4
8129.0,4
353.0,4
961.0,4
7247.0,4
2797.0,4
226.0,4
4552.0,4
2760.0,4
7183.0,4
7179.0,4
893.0,4
894.0,4
4604.0,4
2805.0,4
4690.0,4
8164.0,4
2658.0,4
3444.0,4
7131.0,4
7101.0,4
8273.0,4
2485.0,4
5069.0,4
366.0,4
2261.0,4
2275.0,4
716.0,4
2303.0,4
7954.0,4
374.0,4
373.0,4
4287.0,4
162.0,4
4295.0,4
3855.0,4
1175.0,4
2662.0,3
8173.0,3
2693.0,3
2690.0,3
256.0,3
7939.0,3
3891.0,3
4199.0,3
5129.0,3
4410.0,3
5981.0,3
2123.0,3
2618.0,3
4307.0,3
4442.0,3
5200.0,3
4438.0,3
7992.0,3
1717.0,3
2131.0,3
6049.0,3
2251.0,3
2200.0,3
5718.0,3
5403.0,3
2766.0,3
1684.0,3
396.0,3
8189.0,3
6068.0,3
5737.0,3
4108.0,3
6055.0,3
1927.0,3
7933.0,3
3025.0,3
283.0,3
5492.0,3
1873.0,3
4244.0,3
2502.0,3
7737.0,3
5785.0,3
4048.0,3
5623.0,3
1830.0,3
7646.0,3
5624.0,3
2907.0,3
108.0,3
1849.0,3
5142.0,3
334.0,3
5639.0,3
3919.0,3
4914.0,3
5155.0,3
2894.0,3
1917.0,3
2576.0,3
5190.0,3
7712.0,3
8119.0,3
5734.0,3
8101.0,3
301.0,3
221.0,3
3056.0,3
2926.0,3
5685.0,3
5555.0,3
341.0,3
4884.0,3
2564.0,3
105.0,3
6104.0,3
7057.0,3
675.0,3
6503.0,3
1364.0,3
1091.0,3
3303.0,3
8440.0,3
6907.0,3
6472.0,3
8388.0,3
1395.0,3
1406.0,3
3262.0,3
6962.0,3
7516.0,3
1408.0,3
6989.0,3
3505.0,3
1414.0,3
3499.0,3
1460.0,3
792.0,3
3547.0,3
3566.0,3
6780.0,3
7439.0,3
6616.0,3
3649.0,3
8409.0,3
3639.0,3
7438.0,3
3342.0,3
6587.0,3
6656.0,3
3624.0,3
1303.0,3
1148.0,3
6663.0,3
7417.0,3
1320.0,3
3575.0,3
52.0,3
6532.0,3
54.0,3
1341.0,3
6524.0,3
73.0,3
1256.0,3
604.0,3
3813.0,3
8.0,3
8469.0,3
617.0,3
3825.0,3
6218.0,3
857.0,3
916.0,3
1659.0,3
3466.0,3
7162.0,3
3458.0,3
7556.0,3
1625.0,3
1564.0,3
6241.0,3
2365.0,2
2378.0,2
6703.0,2
6698.0,2
6682.0,2
7300.0,2
4652.0,2
2589.0,2
4477.0,2
6759.0,2
6774.0,2
6673.0,2
2409.0,2
3459.0,2
3385.0,2
8019.0,2
8224.0,2
4973.0,2
4676.0,2
728.0,2
7186.0,2
895.0,2
8196.0,2
5287.0,2
3867.0,2
8205.0,2
3456.0,2
6642.0,2
2264.0,2
1247.0,2
5265.0,2
5241.0,2
2286.0,2
7223.0,2
7943.0,2
2734.0,2
5234.0,2
5224.0,2
7217.0,2
217.0,2
2978.0,2
6659.0,2
5203.0,2
3348.0,2
5199.0,2
1107.0,2
6666.0,2
6842.0,2
6853.0,2
7381.0,2
6950.0,2
8253.0,2
2527.0,2
6969.0,2
4850.0,2
2554.0,2
7137.0,2
4719.0,2
1013.0,2
4736.0,2
2557.0,2
4834.0,2
4758.0,2
4765.0,2
294.0,2
4386.0,2
8125.0,2
2864.0,2
7036.0,2
2578.0,2
3441.0,2
7108.0,2
7088.0,2
2586.0,2
3437.0,2
280.0,2
2831.0,2
8089.0,2
6849.0,2
12.0,2
2685.0,2
195.0,2
755.0,2
10.0,2
1099.0,2
4332.0,2
8041.0,2
2477.0,2
8049.0,2
4335.0,2
330.0,2
4945.0,2
7152.0,2
1067.0,2
4455.0,2
2494.0,2
4932.0,2
6911.0,2
810.0,2
6913.0,2
318.0,2
2513.0,2
8292.0,2
8079.0,2
2520.0,2
1042.0,2
7261.0,2
4156.0,2
5821.0,2
7544.0,2
1826.0,2
6418.0,2
6425.0,2
3257.0,2
3167.0,2
514.0,2
7756.0,2
5847.0,2
5841.0,2
7762.0,2
3163.0,2
504.0,2
5815.0,2
3915.0,2
7777.0,2
7781.0,2
3734.0,2
6473.0,2
3714.0,2
7794.0,2
7795.0,2
7797.0,2
1942.0,2
3098.0,2
1953.0,2
474.0,2
3093.0,2
7736.0,2
528.0,2
3087.0,2
5968.0,2
1679.0,2
7653.0,2
3873.0,2
6110.0,2
590.0,2
7669.0,2
1640.0,2
6044.0,2
1594.0,2
6028.0,2
1732.0,2
6240.0,2
3184.0,2
5965.0,2
1468.0,2
548.0,2
5956.0,2
545.0,2
615.0,2
5941.0,2
3804.0,2
3795.0,2
7558.0,2
5915.0,2
5910.0,2
1491.0,2
1804.0,2
8343.0,2
471.0,2
3975.0,2
1306.0,2
1321.0,2
2053.0,2
5569.0,2
419.0,2
5575.0,2
3051.0,2
7891.0,2
5587.0,2
5552.0,2
141.0,2
7866.0,2
7865.0,2
2160.0,2
2073.0,2
4141.0,2
2151.0,2
6584.0,2
7449.0,2
405.0,2
464.0,2
5653.0,2
6626.0,2
1352.0,2
1351.0,2
6582.0,2
7459.0,2
2179.0,2
8423.0,1
3905.0,1
4457.0,1
2966.0,1
4115.0,1
3660.0,1
8234.0,1
3663.0,1
4461.0,1
3792.0,1
3903.0,1
126.0,1
3810.0,1
4464.0,1
2794.0,1
3331.0,1
4.0,1
4151.0,1
4150.0,1
3822.0,1
3887.0,1
4142.0,1
3448.0,1
4506.0,1
2801.0,1
214.0,1
153.0,1
8365.0,1
4193.0,1
97.0,1
7.0,1
212.0,1
8214.0,1
4487.0,1
4484.0,1
8413.0,1
4443.0,1
3327.0,1
4281.0,1
3443.0,1
4042.0,1
4157.0,1
4377.0,1
3976.0,1
2889.0,1
3126.0,1
4057.0,1
169.0,1
3113.0,1
4013.0,1
3689.0,1
3082.0,1
3949.0,1
3287.0,1
4352.0,1
2939.0,1
8439.0,1
3392.0,1
8271.0,1
3690.0,1
4320.0,1
4022.0,1
124.0,1
3736.0,1
3937.0,1
4441.0,1
4297.0,1
3232.0,1
3030.0,1
4250.0,1
8318.0,1
4082.0,1
74.0,1
3781.0,1
3429.0,1
8464.0,1
4074.0,1
4391.0,1
4378.0,1
3353.0,1
3258.0,1
3425.0,1
110.0,1
3507.0,1
166.0,1
3311.0,1
167.0,1
3375.0,1
3403.0,1
4171.0,1
7876.0,1
4522.0,1
7525.0,1
6269.0,1
1515.0,1
628.0,1
6329.0,1
6334.0,1
632.0,1
6335.0,1
6376.0,1
641.0,1
1458.0,1
6433.0,1
1407.0,1
1348.0,1
1403.0,1
1402.0,1
6461.0,1
1388.0,1
7510.0,1
7508.0,1
7507.0,1
6479.0,1
6480.0,1
1373.0,1
674.0,1
6261.0,1
1551.0,1
6248.0,1
7576.0,1
5870.0,1
7738.0,1
5894.0,1
530.0,1
5895.0,1
537.0,1
5948.0,1
7695.0,1
1760.0,1
5977.0,1
6007.0,1
6042.0,1
6060.0,1
7656.0,1
7648.0,1
1677.0,1
7645.0,1
6088.0,1
7631.0,1
6144.0,1
6166.0,1
6204.0,1
6223.0,1
678.0,1
682.0,1
4524.0,1
7312.0,1
6980.0,1
6994.0,1
7008.0,1
7012.0,1
7015.0,1
976.0,1
7026.0,1
791.0,1
7062.0,1
797.0,1
7129.0,1
7136.0,1
1338.0,1
906.0,1
7151.0,1
900.0,1
7303.0,1
897.0,1
896.0,1
817.0,1
7289.0,1
7273.0,1
7234.0,1
7241.0,1
6963.0,1
1041.0,1
762.0,1
1079.0,1
1330.0,1
6534.0,1
696.0,1
6579.0,1
1293.0,1
7436.0,1
6606.0,1
1271.0,1
6628.0,1
6653.0,1
1243.0,1
6655.0,1
7425.0,1
6660.0,1
723.0,1
6708.0,1
1182.0,1
6771.0,1
6783.0,1
1130.0,1
1118.0,1
1106.0,1
1080.0,1
7753.0,1
7757.0,1
5828.0,1
8059.0,1
4814.0,1
4820.0,1
4823.0,1
304.0,1
2537.0,1
4872.0,1
4883.0,1
4890.0,1
4897.0,1
8075.0,1
8066.0,1
4955.0,1
5826.0,1
331.0,1
4956.0,1
8039.0,1
4972.0,1
8032.0,1
2451.0,1
2425.0,1
8018.0,1
2423.0,1
5040.0,1
5113.0,1
286.0,1
4804.0,1
4797.0,1
8140.0,1
2779.0,1
8192.0,1
2759.0,1
4568.0,1
2749.0,1
241.0,1
2726.0,1
4628.0,1
244.0,1
2710.0,1
4666.0,1
4667.0,1
2689.0,1
254.0,1
2684.0,1
260.0,1
4706.0,1
4714.0,1
4774.0,1
2612.0,1
2608.0,1
2591.0,1
8143.0,1
5119.0,1
5122.0,1
5152.0,1
2113.0,1
5547.0,1
444.0,1
7839.0,1
7838.0,1
2038.0,1
5592.0,1
5610.0,1
5613.0,1
465.0,1
1983.0,1
1980.0,1
5689.0,1
472.0,1
1956.0,1
5696.0,1
5741.0,1
5744.0,1
491.0,1
1915.0,1
5756.0,1
5778.0,1
1889.0,1
5792.0,1
5532.0,1
2115.0,1
2348.0,1
5437.0,1
2342.0,1
5175.0,1
5177.0,1
5189.0,1
7962.0,1
2306.0,1
5210.0,1
5236.0,1
5271.0,1
2268.0,1
2259.0,1
2243.0,1
2241.0,1
5297.0,1
5317.0,1
2216.0,1
5333.0,1
7894.0,1
5348.0,1
7257.0,1
2163.0,1
5415.0,1
2149.0,1
3453.0,1
